,Time,Ticker,Asset Turnover,Average Assets,Book Value per Share,Current Ratio,Debt to Equity Ratio,Dividend Yield,EBITDA,EBITDA [USD],EBITDA Margin,Earnings before Tax,Average Equity,Enterprise Value,Enterprise Value over EBIT,Enterprise Value over EBITDA,Free Cash Flow,Free Cash Flow per Share,Foreign Currency to USD Exchange Rate,Gross Margin,Invested Capital,Invested Capital Average,Market Capitalization,Profit Margin,Price to Earnings (Damodaran Method),Price to Earnings Ratio,Price to Sales Ratio,Price to Sales (Damodaran Method),Price to Book Value,Return on Invested Capital,Sales per Share,Payout Ratio,Return on Average Assets,Return on Average Equity,Return on Sales,Tangible Asset Value,Tangible Asset Book Value per Share,Working Capital
69,2017-10-29,HD,2.219,44723000000.0,2.177,1.23,16.705,0.02,16451000000.0,16451000000.0,0.166,13447000000.0,3598000000.0,217400334507.0,15.0,13.215,9821000000.0,8.408,1.0,0.341,48844000000.0,47617000000.0,197263334507.0,0.087,22.951,23.145,1.97,1.9880000000000002,77.571,0.303,84.955,0.465,0.192,2.3890000000000002,0.145,42806000000.0,36.649,3680000000.0
189,2017-10-31,WMT,2.4459999999999997,202380750000.0,25.543000000000003,0.813,1.714,0.023,30019000000.0,30019000000.0,0.061,17107000000.0,76005750000.0,301986575450.0,15.0,10.06,18858000000.0,6.3260000000000005,1.0,0.256,153676000000.0,151850250000.0,260812575450.0,0.023,22.79,23.098000000000003,0.526,0.527,3.425,0.128,166.05599999999998,0.537,0.057,0.151,0.039,191210000000.0,64.143,-15067000000.0
49,2017-10-31,CRM,0.5760000000000001,17388173000.0,12.314,0.8240000000000001,0.98,0.0,1164004000.0,1164004000.0,0.11599999999999999,329148000.0,8178824750.0,73446799000.0,176.0,63.098,1851932000.0,2.583,1.0,0.7340000000000001,1716384000.0,1507479750.0,73551758000.0,0.025,299.078,301.0,7.327999999999999,7.345,8.33,0.278,13.967,0.0,0.013999999999999999,0.03,0.042,9159359000.0,12.775,-1270274000.0
9,2017-12-30,AAPL,0.654,365454500000.0,27.421,1.242,1.902,0.015,76854000000.0,76854000000.0,0.321,66939000000.0,135188250000.0,964270619760.0,14.0,12.547,53443000000.0,10.453,1.0,0.384,377877000000.0,357443000000.0,868879619760.0,0.21100000000000002,17.197,17.268,3.6180000000000003,3.633,6.197,0.187,46.778999999999996,0.251,0.138,0.374,0.28,398756000000.0,77.991,28022000000.0
89,2017-12-30,INTC,0.514,122023000000.0,14.682,1.693,0.7859999999999999,0.023,28830000000.0,28830000000.0,0.45899999999999996,20352000000.0,68856000000.0,238593800000.0,12.0,8.276,10332000000.0,2.198,1.0,0.623,92074000000.0,94037250000.0,216028800000.0,0.153,22.500999999999998,22.627,3.458,3.4419999999999997,3.13,0.22,13.350999999999999,0.528,0.079,0.139,0.33,86115000000.0,18.317999999999998,12079000000.0
39,2017-12-31,BRK,0.358,675922500000.0,141.27200000000002,,1.005,0.0,36999000000.0,36999000000.0,0.153,23425000000.0,312521000000.0,547482317310.0,20.0,14.797,34020000000.0,13.799000000000001,1.0,0.19699999999999998,659323000000.0,615593000000.0,488698317310.0,0.18600000000000003,10.874,10.879000000000001,2.019,2.019,1.403,0.045,98.182,0.0,0.066,0.14400000000000002,0.115,588319000000.0,238.627,
59,2017-12-31,GOOGL,0.601,184552000000.0,219.49,5.14,0.294,0.0,34108000000.0,34108000000.0,0.308,27193000000.0,150709250000.0,725287543727.0,27.0,21.264,23907000000.0,34.408,1.0,0.589,146927000000.0,135450750000.0,731904543727.0,0.114,57.803000000000004,57.657,6.602,6.602,4.7989999999999995,0.201,159.549,0.0,0.069,0.084,0.245,177856000000.0,255.981,100125000000.0
79,2017-12-31,IBM,0.653,121245500000.0,18.861,1.331,6.117000000000001,0.038,16551000000.0,16551000000.0,0.209,11395000000.0,18491750000.0,176745913213.0,15.0,10.679,13411000000.0,14.377,1.0,0.467,82053000000.0,79176500000.0,142034913213.0,0.073,24.689,24.865,1.808,1.795,8.073,0.152,84.838,0.956,0.047,0.311,0.152,84826000000.0,90.934,12372000000.0
109,2017-12-31,JPM,0.039,2551534500000.0,71.994,,8.908999999999999,0.019,40205000000.0,40205000000.0,0.39899999999999997,34026000000.0,257105250000.0,425190453204.0,12.0,10.575999999999999,-10827000000.0,-3.048,1.0,1.0,2542702000000.0,2559808500000.0,371052453204.0,0.22399999999999998,16.442,16.840999999999998,3.7710000000000004,3.685,1.4509999999999998,0.013000000000000001,28.355,0.321,0.009000000000000001,0.08800000000000001,0.33799999999999997,2479208000000.0,698.054,
99,2017-12-31,JNJ,0.501,152671500000.0,22.348000000000003,1.411,1.615,0.024,24249000000.0,24249000000.0,0.317,17673000000.0,69100500000.0,394805581386.0,21.0,16.281,17777000000.0,6.604,1.0,0.667,58389000000.0,63123000000.0,375360581386.0,0.017,288.73900000000003,291.08299999999997,4.92,4.91,6.239,0.295,28.399,6.917000000000001,0.009000000000000001,0.019,0.243,72169000000.0,26.809,12551000000.0
119,2017-12-31,KO,0.402,90189500000.0,3.9960000000000004,1.344,4.037,0.032,8968000000.0,8968000000.0,0.248,6855000000.0,21017000000.0,222360416458.0,29.0,24.795,5399000000.0,1.264,1.0,0.621,76393000000.0,72734000000.0,195479416458.0,0.034,156.634,158.207,5.412999999999999,5.398,11.45,0.106,8.477,5.103,0.013999999999999999,0.059000000000000004,0.213,71260000000.0,16.680999999999997,9351000000.0
129,2017-12-31,MA,0.62,20163000000.0,5.125,1.569,2.8819999999999997,0.006,7113000000.0,7113000000.0,0.569,6522000000.0,5843250000.0,159047328096.0,24.0,22.36,5241000000.0,4.912,1.0,1.0,6787000000.0,7278500000.0,160239328096.0,0.313,40.93,41.243,12.923,12.822000000000001,29.305,0.917,11.712,0.24,0.19399999999999998,0.67,0.534,17174000000.0,16.096,5004000000.0
139,2017-12-31,MSFT,0.41700000000000004,245107250000.0,10.163,2.885,2.267,0.019,42036000000.0,42036000000.0,0.41100000000000003,32205000000.0,81361750000.0,612678045280.0,19.0,14.575,33284000000.0,4.317,1.0,0.649,105635000000.0,101153250000.0,659906045280.0,0.135,47.718999999999994,48.056000000000004,6.449,6.452000000000001,8.421,0.318,13.265,0.893,0.055999999999999994,0.17,0.315,211614000000.0,27.447,109534000000.0
149,2017-12-31,PFE,0.309,170322500000.0,11.944,1.3519999999999999,1.4040000000000001,0.035,18528000000.0,18528000000.0,0.353,12259000000.0,62220250000.0,257068819022.0,21.0,13.875,14585000000.0,2.443,1.0,0.7859999999999999,78826000000.0,77764250000.0,215896819022.0,0.406,10.132,10.146,4.115,4.109,3.028,0.158,8.802,0.359,0.125,0.342,0.233,67104000000.0,11.24,10714000000.0
159,2017-12-31,PG,0.539,121998000000.0,20.498,0.943,1.314,0.03,17145000000.0,17145000000.0,0.261,13943000000.0,55115500000.0,262285708390.0,18.0,15.298,10188000000.0,3.8160000000000003,1.0,0.495,53990000000.0,49740000000.0,233095708390.0,0.153,23.113000000000003,23.803,3.7319999999999998,3.5460000000000003,4.26,0.289,24.622,0.71,0.083,0.183,0.21899999999999997,56796000000.0,21.275,-1893000000.0
169,2017-12-31,T,0.373,430165000000.0,22.945,0.972,2.145,0.05,45429000000.0,45429000000.0,0.28300000000000003,14742000000.0,128596750000.0,353464320000.0,17.0,7.781000000000001,17363000000.0,2.8280000000000003,1.0,0.515,256831000000.0,268355000000.0,238684320000.0,0.183,8.105,8.151,1.4869999999999999,1.4869999999999999,1.694,0.078,26.151999999999997,0.41100000000000003,0.068,0.22899999999999998,0.131,224372000000.0,36.549,-2243000000.0
179,2017-12-31,V,0.28600000000000003,65589500000.0,16.144000000000002,2.0669999999999997,1.011,0.006,13086000000.0,13086000000.0,0.698,11954000000.0,32222000000.0,243670685945.0,19.0,18.621,8957000000.0,4.329,1.0,0.8540000000000001,23120000000.0,21350250000.0,236208685945.0,0.381,33.032,37.755,12.575999999999999,12.592,7.072,0.5870000000000001,9.067,0.228,0.109,0.222,0.6679999999999999,23883000000.0,11.543,8924000000.0
29,2017-12-31,BA,0.982,95769500000.0,2.78,1.141,66.817,0.019,12514000000.0,12514000000.0,0.133,10107000000.0,200000000.0,177841062218.0,17.0,14.210999999999999,11699000000.0,19.643,1.0,0.185,31886000000.0,32182500000.0,175642062218.0,0.09,20.766,21.02,1.868,1.868,106.064,0.325,157.838,0.405,0.08800000000000001,42.29,0.111,104230000000.0,175.00599999999997,10546000000.0
19,2017-12-31,AMZN,1.713,103831750000.0,57.727,1.04,3.739,0.0,16128000000.0,16128000000.0,0.091,3802000000.0,24313750000.0,575478052497.0,124.0,35.681999999999995,8307000000.0,17.305999999999997,1.0,0.371,64298000000.0,50162500000.0,563535052497.0,0.017,185.801,185.043,3.156,3.168,20.338,0.09300000000000001,370.55400000000003,0.0,0.028999999999999998,0.125,0.026000000000000002,117960000000.0,245.75,2314000000.0
199,2017-12-31,XOM,0.706,346334750000.0,44.29600000000001,0.816,0.8220000000000001,0.037000000000000005,39030000000.0,39030000000.0,0.16,18536000000.0,181573250000.0,390735552280.0,20.0,10.011000000000001,14664000000.0,3.4610000000000003,1.0,0.35200000000000004,330079000000.0,330393500000.0,354391552280.0,0.081,17.98,18.065,1.45,1.45,1.8880000000000001,0.057999999999999996,57.672,0.6609999999999999,0.057,0.109,0.078,348691000000.0,82.295,-10637000000.0
68,2018-01-28,HD,2.237,45113750000.0,1.234,1.169,29.625,0.017,16743000000.0,16743000000.0,0.166,13698000000.0,2878250000.0,264032546315.0,18.0,15.77,10181000000.0,8.642999999999999,1.0,0.34,49493000000.0,48039500000.0,241992546315.0,0.086,28.041,28.271,2.419,2.398,166.43200000000002,0.306,85.65700000000001,0.486,0.191,2.998,0.145,42254000000.0,35.869,2739000000.0
188,2018-01-31,WMT,2.455,203805000000.0,26.0,0.76,1.589,0.019,27321000000.0,27321000000.0,0.055,14462000000.0,76023500000.0,358690862037.0,21.0,13.129000000000001,18664000000.0,6.232,1.0,0.254,147490000000.0,150240000000.0,315789862037.0,0.02,32.021,32.400999999999996,0.638,0.631,4.055,0.11199999999999999,167.05900000000003,0.62,0.048,0.13,0.034,186280000000.0,62.196999999999996,-18857000000.0
48,2018-01-31,CRM,0.57,18487942250.0,14.512,0.9520000000000001,1.119,0.0,1204000000.0,1204000000.0,0.114,420000000.0,8897793000.0,82050662000.0,195.0,68.148,2204000000.0,3.083,1.0,0.737,2807000000.0,1666127750.0,82277193000.0,0.034,228.548,227.82,7.727,7.806,7.93,0.252,14.741,0.0,0.019,0.04,0.04,13697000000.0,19.157,-483000000.0
118,2018-03-30,KO,0.38299999999999995,90709750000.0,4.598,1.208,3.655,0.035,9317000000.0,9317000000.0,0.268,7224000000.0,20200500000.0,217595320728.0,27.0,23.355,5441000000.0,1.276,1.0,0.627,77920000000.0,74885000000.0,185268320728.0,0.040999999999999995,129.197,131.606,5.335,5.336,9.448,0.10800000000000001,8.141,4.545,0.016,0.071,0.23399999999999999,76262000000.0,17.881,6562000000.0
88,2018-03-31,INTC,0.511,125260000000.0,15.012,1.585,0.833,0.021,30309000000.0,30309000000.0,0.473,21548000000.0,69686250000.0,266489440000.0,12.0,8.792,11760000000.0,2.516,1.0,0.62,96992000000.0,95309250000.0,243109440000.0,0.17300000000000001,21.92,22.068,3.802,3.7969999999999997,3.465,0.23,13.699000000000002,0.473,0.08900000000000001,0.159,0.342,91895000000.0,19.660999999999998,11669000000.0
128,2018-03-31,MA,0.628,21256500000.0,5.426,1.6440000000000001,3.0060000000000002,0.005,7470000000.0,7470000000.0,0.56,6847000000.0,5866250000.0,182566585390.0,26.0,24.44,5517000000.0,5.249,1.0,1.0,8388000000.0,7569500000.0,184160585390.0,0.324,42.571000000000005,42.931000000000004,13.797,13.802,32.292,0.925,12.696,0.223,0.204,0.737,0.525,18722000000.0,17.814,5759000000.0
58,2018-03-31,GOOGL,0.607,193096750000.0,231.304,4.874,0.287,0.0,38315000000.0,38315000000.0,0.327,30917000000.0,154678250000.0,714374880264.0,23.0,18.645,21199000000.0,30.489,1.0,0.58,153514000000.0,142924000000.0,721120880264.0,0.142,43.343999999999994,43.303999999999995,6.15,6.15,4.484,0.21600000000000003,168.63400000000001,0.0,0.086,0.10800000000000001,0.264,186264000000.0,267.89099999999996,98367000000.0
158,2018-03-31,PG,0.537,123567500000.0,20.769000000000002,0.91,1.263,0.035,17155000000.0,17155000000.0,0.258,13865000000.0,55215000000.0,230166173812.0,16.0,13.417,10392000000.0,3.928,1.0,0.49200000000000005,53327000000.0,51629000000.0,199865173812.0,0.152,19.84,20.486,3.158,3.01,3.637,0.278,25.101,0.713,0.08199999999999999,0.182,0.21600000000000003,54065000000.0,20.436,-2751000000.0
78,2018-03-31,IBM,0.65,123193000000.0,19.730999999999998,1.375,5.89,0.039,16314000000.0,16314000000.0,0.204,11114000000.0,18451500000.0,176186789976.0,15.0,10.8,13984000000.0,15.187999999999999,1.0,0.465,83424000000.0,81793500000.0,141334789976.0,0.071,24.874000000000002,25.029,1.765,1.765,7.78,0.14400000000000002,86.95100000000001,0.9790000000000001,0.046,0.308,0.147,85032000000.0,92.35600000000001,13389000000.0
8,2018-03-31,AAPL,0.662,373697000000.0,25.25,1.456,1.896,0.015,78745000000.0,78745000000.0,0.318,68423000000.0,133387250000.0,946226901140.0,14.0,12.015999999999998,54697000000.0,10.885,1.0,0.38299999999999995,354963000000.0,362067500000.0,851317901140.0,0.215,15.967,16.070999999999998,3.408,3.4410000000000003,6.71,0.18899999999999997,49.238,0.24100000000000002,0.14300000000000002,0.4,0.27699999999999997,367502000000.0,73.137,40733000000.0
168,2018-03-31,T,0.363,438775000000.0,23.684,1.112,2.051,0.055,46545000000.0,46545000000.0,0.292,15513000000.0,134116500000.0,332793640969.0,15.0,7.15,17172000000.0,2.787,1.0,0.512,270820000000.0,271633250000.0,218945640969.0,0.192,7.145,7.202000000000001,1.379,1.375,1.5,0.08199999999999999,25.843000000000004,0.39799999999999996,0.07,0.228,0.14,227226000000.0,36.881,7925000000.0
38,2018-03-31,BRK,0.33,687972500000.0,140.754,,1.012,0.0,29852000000.0,29852000000.0,0.131,16226000000.0,326158500000.0,563349826611.0,27.0,18.871,23047000000.0,9.338,1.0,0.18100000000000002,630258000000.0,636027500000.0,492345826611.0,0.175,12.389000000000001,12.375,2.165,2.165,1.4169999999999998,0.032,92.12299999999999,0.0,0.057999999999999996,0.122,0.09,589054000000.0,238.66299999999998,
198,2018-03-31,XOM,0.731,347489000000.0,44.412,0.8009999999999999,0.818,0.040999999999999995,40308000000.0,40308000000.0,0.159,19805000000.0,184334250000.0,355316051683.0,17.0,8.815,14551000000.0,3.4339999999999997,1.0,0.349,325012000000.0,329260250000.0,316157051683.0,0.08,15.536,15.642000000000001,1.245,1.245,1.68,0.062,59.919,0.6459999999999999,0.059000000000000004,0.11,0.081,348826000000.0,82.32,-11991000000.0
138,2018-03-31,MSFT,0.423,250227250000.0,10.293,3.3960000000000004,2.0980000000000003,0.018000000000000002,43840000000.0,43840000000.0,0.414,33752000000.0,83739250000.0,654880093602.0,19.0,14.937999999999999,33536000000.0,4.356,1.0,0.65,105876000000.0,106175500000.0,702760093602.0,0.149,44.571999999999996,44.961000000000006,6.636,6.6370000000000005,8.869,0.318,13.754000000000001,0.7979999999999999,0.063,0.188,0.319,201371000000.0,26.159000000000002,110526000000.0
178,2018-03-31,V,0.289,67043250000.0,16.595,1.9409999999999998,1.025,0.006,13641000000.0,13641000000.0,0.705,12469000000.0,33052000000.0,254081582355.0,19.0,18.625999999999998,11410000000.0,5.5520000000000005,1.0,0.852,23180000000.0,22092250000.0,246481582355.0,0.48200000000000004,26.43,30.206999999999997,12.700999999999999,12.735,7.228,0.591,9.418,0.18600000000000003,0.139,0.282,0.675,25133000000.0,12.23,8985000000.0
108,2018-03-31,JPM,0.04,2567408250000.0,74.083,,9.186,0.019,42864000000.0,42864000000.0,0.413,36352000000.0,257189750000.0,442089475255.0,12.0,10.314,-23377000000.0,-6.76,1.0,1.0,2656647000000.0,2586516750000.0,377412475255.0,0.24,15.196,15.554,3.668,3.64,1.473,0.013999999999999999,29.978,0.3,0.01,0.09699999999999999,0.35100000000000003,2555252000000.0,738.875,
18,2018-03-31,AMZN,1.6769999999999998,115180000000.0,65.006,1.058,3.016,0.0,18518000000.0,18518000000.0,0.096,4765000000.0,26761000000.0,704888690243.0,121.0,38.065,7271000000.0,15.023,1.0,0.37799999999999995,72893000000.0,60386250000.0,700667690243.0,0.02,177.88,177.37,3.6260000000000003,3.627,22.27,0.096,399.161,0.0,0.034,0.147,0.03,112974000000.0,233.417,2784000000.0
28,2018-03-31,BA,0.938,101738500000.0,2.046,1.146,91.85799999999999,0.018000000000000002,13256000000.0,13256000000.0,0.139,10801000000.0,481750000.0,196801941230.0,18.0,14.845999999999998,12827000000.0,21.479,1.0,0.18899999999999997,33151000000.0,31804500000.0,194497941230.0,0.098,20.789,20.924,2.052,2.0380000000000003,159.164,0.35100000000000003,159.789,0.381,0.092,19.421,0.11699999999999999,105466000000.0,176.601,11011000000.0
98,2018-04-01,JNJ,0.506,155598250000.0,23.583000000000002,1.579,1.476,0.026000000000000002,25044000000.0,25044000000.0,0.318,17579000000.0,67329000000.0,360570834017.0,19.0,14.397,18372000000.0,6.85,1.0,0.6609999999999999,63924000000.0,59866500000.0,343813834017.0,0.016,276.156,272.66,4.368,4.369,5.435,0.31,29.339000000000002,7.149,0.008,0.018000000000000002,0.23600000000000002,73111000000.0,27.258000000000003,15687000000.0
148,2018-04-01,PFE,0.311,169279500000.0,11.782,1.273,1.34,0.037000000000000005,18715000000.0,18715000000.0,0.355,12434000000.0,65157500000.0,253416170013.0,20.0,13.540999999999999,14924000000.0,2.505,1.0,0.785,71703000000.0,76492500000.0,211267170013.0,0.413,9.714,9.697000000000001,4.013999999999999,4.011,3.01,0.163,8.842,0.355,0.128,0.33399999999999996,0.23600000000000002,60529000000.0,10.161,7470000000.0
67,2018-04-29,HD,2.239,45540250000.0,1.464,1.17,26.653000000000002,0.02,16802000000.0,16802000000.0,0.165,13732000000.0,2309500000.0,239217475072.0,16.0,14.237,9495000000.0,8.242,1.0,0.341,48430000000.0,48701250000.0,215784475072.0,0.08800000000000001,23.923000000000002,24.09,2.1069999999999998,2.116,127.91,0.302,88.51,0.478,0.198,3.906,0.14400000000000002,44369000000.0,38.515,3081000000.0
187,2018-04-30,WMT,2.465,205107250000.0,25.611,0.7340000000000001,1.676,0.023,25499000000.0,25499000000.0,0.05,12581000000.0,76488750000.0,300749640520.0,20.0,11.795,18614000000.0,6.31,1.0,0.253,143778000000.0,149209000000.0,261018640520.0,0.018000000000000002,29.141,29.487,0.516,0.516,3.455,0.099,171.35299999999998,0.6829999999999999,0.044000000000000004,0.11699999999999999,0.028999999999999998,186077000000.0,63.077,-21515000000.0
47,2018-04-30,CRM,0.5579999999999999,19963959750.0,15.171,1.286,1.0759999999999998,0.0,1589000000.0,1589000000.0,0.14300000000000002,815000000.0,9679171000.0,87684066000.0,111.0,55.181999999999995,2475000000.0,3.395,1.0,0.741,3913000000.0,2455768000.0,88504185000.0,0.063,125.895,126.031,7.9110000000000005,7.938,8.002,0.32299999999999995,15.294,0.0,0.035,0.073,0.071,14555000000.0,19.965999999999998,2256000000.0
117,2018-06-29,KO,0.381,90321500000.0,4.306,1.147,3.7889999999999997,0.035,9619000000.0,9619000000.0,0.27899999999999997,7528000000.0,19281000000.0,219773817811.0,26.0,22.848000000000003,4907000000.0,1.153,1.0,0.627,74316000000.0,75457000000.0,186635817811.0,0.069,78.45100000000001,79.745,5.419,5.419,10.186,0.11199999999999999,8.094,2.764,0.026000000000000002,0.12300000000000001,0.245,72731000000.0,17.093,4626000000.0
57,2018-06-30,GOOGL,0.615,201344000000.0,233.245,4.152,0.306,0.0,38642000000.0,38642000000.0,0.312,30755000000.0,158106750000.0,776921517692.0,25.0,20.105999999999998,21239000000.0,30.58,1.0,0.574,150983000000.0,148509000000.0,784277517692.0,0.132,48.092,48.133,6.33,6.33,4.841,0.207,178.386,0.0,0.081,0.10300000000000001,0.248,191053000000.0,275.075,94254000000.0
127,2018-06-30,MA,0.637,21914500000.0,5.04,1.5130000000000001,3.2569999999999997,0.005,7777000000.0,7777000000.0,0.557,7141000000.0,5717500000.0,203775188191.0,28.0,26.201999999999998,5630000000.0,5.398,1.0,1.0,7655000000.0,7601500000.0,205161188191.0,0.33799999999999997,43.485,43.86600000000001,14.687999999999999,14.702,39.025999999999996,0.961,13.38,0.21,0.215,0.825,0.524,18454000000.0,17.692999999999998,4850000000.0
157,2018-06-30,PG,0.5429999999999999,123043500000.0,21.03,0.826,1.237,0.036000000000000004,16555000000.0,16555000000.0,0.248,13215000000.0,54491250000.0,226262635097.0,16.0,13.667,11150000000.0,4.434,1.0,0.485,49713000000.0,52224000000.0,196289635097.0,0.146,20.132,20.816,2.937,2.937,3.7119999999999997,0.263,26.578000000000003,0.743,0.079,0.179,0.205,49233000000.0,19.579,-4917000000.0
107,2018-06-30,JPM,0.040999999999999995,2574127250000.0,75.38600000000001,,9.06,0.021,44148000000.0,44148000000.0,0.418,37213000000.0,256933500000.0,456172755272.0,12.0,10.333,8235000000.0,2.411,1.0,1.0,2642660000000.0,2602776000000.0,354777755272.0,0.248,13.561,13.800999999999998,3.367,3.3569999999999998,1.3780000000000001,0.013999999999999999,30.948,0.289,0.01,0.102,0.35200000000000004,2535515000000.0,742.421,
7,2018-06-30,AAPL,0.6809999999999999,374703000000.0,23.545,1.307,2.0380000000000003,0.013999999999999999,81032000000.0,81032000000.0,0.317,70399000000.0,129018250000.0,986622195180.0,14.0,12.175999999999998,59523000000.0,12.192,1.0,0.38299999999999995,343278000000.0,361503500000.0,909841195180.0,0.22,16.212,16.647000000000002,3.54,3.5639999999999996,7.915,0.195,52.287,0.23600000000000002,0.15,0.435,0.276,349197000000.0,71.525,27213000000.0
87,2018-06-30,INTC,0.525,126226250000.0,15.067,1.571,0.7979999999999999,0.023,31329000000.0,31329000000.0,0.473,22505000000.0,70041750000.0,256706600000.0,11.0,8.193999999999999,12714000000.0,2.735,1.0,0.619,97480000000.0,94515750000.0,231648600000.0,0.201,17.432000000000002,17.504,3.489,3.498,3.307,0.24100000000000002,14.245999999999999,0.40299999999999997,0.105,0.19,0.344,89523000000.0,19.256,10032000000.0
17,2018-06-30,AMZN,1.642,126759750000.0,72.006,1.072,2.832,0.0,21659000000.0,21659000000.0,0.10400000000000001,6709000000.0,29706250000.0,832752691419.0,105.0,38.448,10422000000.0,21.444000000000003,1.0,0.38799999999999996,74170000000.0,69557000000.0,824788691419.0,0.03,131.41899999999998,131.157,3.969,3.963,23.569000000000003,0.114,428.241,0.0,0.05,0.21100000000000002,0.038,120156000000.0,247.235,3680000000.0
137,2018-06-30,MSFT,0.43700000000000006,252361250000.0,10.743,2.9010000000000002,2.129,0.017,46735000000.0,46735000000.0,0.423,36474000000.0,82491000000.0,708278105771.0,19.0,15.155,32252000000.0,4.189,1.0,0.652,104664000000.0,105360500000.0,757640105771.0,0.15,45.721000000000004,45.865,6.88,6.865,9.158999999999999,0.34600000000000003,14.332,0.767,0.066,0.201,0.331,215112000000.0,27.936999999999998,111174000000.0
167,2018-06-30,T,0.33899999999999997,467249000000.0,28.811,0.8059999999999999,1.916,0.062,48097000000.0,48097000000.0,0.304,16206000000.0,148680250000.0,311361510000.0,13.0,6.474,18660000000.0,2.938,1.0,0.517,348093000000.0,291402250000.0,197187510000.0,0.201,6.189,6.2589999999999995,1.288,1.245,1.078,0.081,24.936,0.386,0.068,0.214,0.149,240042000000.0,37.796,-13307000000.0
197,2018-06-30,XOM,0.772,348933500000.0,44.22,0.81,0.8290000000000001,0.038,42468000000.0,42468000000.0,0.158,22039000000.0,186345250000.0,386757122973.0,17.0,9.107000000000001,13555000000.0,3.202,1.0,0.341,324133000000.0,327804500000.0,350265122973.0,0.078,16.719,16.849,1.301,1.301,1.871,0.069,63.613,0.637,0.06,0.11199999999999999,0.084,348790000000.0,82.382,-11892000000.0
177,2018-06-30,V,0.294,68087000000.0,16.324,1.6909999999999998,1.046,0.006,13574000000.0,13574000000.0,0.6779999999999999,12367000000.0,33395500000.0,278314481220.0,21.0,20.503,11649000000.0,5.707000000000001,1.0,0.85,21044000000.0,22457750000.0,270716481220.0,0.479,28.211,32.384,13.495999999999999,13.515999999999998,8.125,0.578,9.814,0.191,0.141,0.287,0.648,25343000000.0,12.417,7557000000.0
37,2018-06-30,BRK,0.341,699558000000.0,145.11700000000002,,0.978,0.0,38396000000.0,38396000000.0,0.161,25222000000.0,340517250000.0,501787215665.0,17.0,13.069,22309000000.0,9.041,1.0,0.21100000000000002,630969000000.0,636758000000.0,460583215665.0,0.19899999999999998,9.698,9.691,1.932,1.932,1.286,0.046,96.633,0.0,0.068,0.139,0.122,598757000000.0,242.645,
77,2018-06-30,IBM,0.654,123474750000.0,20.238,1.32,5.56,0.043,16674000000.0,16674000000.0,0.20600000000000002,11449000000.0,18476750000.0,162365172348.0,13.0,9.738,12557000000.0,13.722000000000001,1.0,0.46399999999999997,80891000000.0,82563750000.0,128240172348.0,0.071,22.283,22.281,1.5830000000000002,1.588,6.9239999999999995,0.147,88.264,0.968,0.047,0.311,0.15,81796000000.0,89.385,11353000000.0
27,2018-06-30,BA,0.899,107528250000.0,-2.448,1.112,-79.507,0.019,13415000000.0,13415000000.0,0.139,10925000000.0,630750000.0,198678742251.0,18.0,14.81,12619000000.0,21.435,1.0,0.191,31423000000.0,31847500000.0,195461742251.0,0.10099999999999999,19.939,20.297,2.044,2.023,-135.643,0.355,164.146,0.379,0.091,15.542,0.11699999999999999,105151000000.0,178.61599999999999,8676000000.0
97,2018-07-01,JNJ,0.516,156237750000.0,23.447,1.653,1.47,0.027999999999999997,25862000000.0,25862000000.0,0.321,17804000000.0,65070750000.0,343346076632.0,18.0,13.276,18493000000.0,6.895,1.0,0.6559999999999999,61989000000.0,60430500000.0,325452076632.0,0.017,237.21,233.34599999999998,4.034,4.034,5.175,0.311,30.081,6.577000000000001,0.009000000000000001,0.021,0.233,74963000000.0,27.948,17950000000.0
147,2018-07-01,PFE,0.316,168385000000.0,11.895,1.16,1.359,0.036000000000000004,19411000000.0,19411000000.0,0.365,13142000000.0,68010000000.0,250761437621.0,19.0,12.919,15596000000.0,2.659,1.0,0.7829999999999999,68218000000.0,74513500000.0,212222437621.0,0.423,9.412,9.547,3.997,3.986,3.0410000000000004,0.17600000000000002,9.077,0.34700000000000003,0.134,0.332,0.247,62560000000.0,10.665,5147000000.0
66,2018-07-29,HD,2.287,45608500000.0,1.756,1.129,22.011999999999997,0.019,17260000000.0,17260000000.0,0.165,14173000000.0,1923250000.0,249603587473.0,16.0,14.460999999999999,9974000000.0,8.719,1.0,0.342,47563000000.0,48582500000.0,227409587473.0,0.094,23.078000000000003,23.084,2.162,2.18,113.195,0.312,91.18799999999999,0.45,0.21600000000000003,5.124,0.145,43981000000.0,38.445,2376000000.0
186,2018-07-31,WMT,2.474,206231250000.0,24.163,0.9259999999999999,1.858,0.023,21339000000.0,21339000000.0,0.042,8444000000.0,75187750000.0,301761845187.0,28.0,14.140999999999998,18533000000.0,6.291,1.0,0.252,154495000000.0,149859750000.0,263303845187.0,0.01,50.665,50.989,0.515,0.516,3.699,0.071,173.172,1.177,0.025,0.069,0.021,188222000000.0,63.891000000000005,-5313000000.0
46,2018-07-31,CRM,0.537,22065009000.0,18.11,0.8029999999999999,0.909,0.0,1796000000.0,1796000000.0,0.152,983000000.0,10948342500.0,97907385000.0,104.0,54.513999999999996,2560000000.0,3.427,1.0,0.741,4336000000.0,3193096000.0,100654385000.0,0.081,105.287,105.5,8.642999999999999,8.492,7.44,0.294,15.867,0.0,0.043,0.087,0.079,11448000000.0,15.325,-1667000000.0
116,2018-09-28,KO,0.382,89412000000.0,4.292,1.063,3.6519999999999997,0.033,10340000000.0,10340000000.0,0.303,8286000000.0,18317250000.0,229425487827.0,25.0,22.188000000000002,5398000000.0,1.2690000000000001,1.0,0.626,69637000000.0,74566500000.0,196442487827.0,0.08199999999999999,69.859,71.062,5.757999999999999,5.755,10.755999999999998,0.12300000000000001,8.023,2.369,0.031,0.154,0.26899999999999996,70022000000.0,16.456,1983000000.0
86,2018-09-29,INTC,0.547,126514750000.0,15.628,1.5119999999999998,0.794,0.025,32835000000.0,32835000000.0,0.474,23717000000.0,70178500000.0,243582190000.0,10.0,7.417999999999999,14413000000.0,3.1510000000000002,1.0,0.625,96622000000.0,95792000000.0,218054190000.0,0.21899999999999997,14.373,14.418,3.1239999999999997,3.1489999999999996,3.05,0.252,15.139000000000001,0.35700000000000004,0.12,0.21600000000000003,0.348,91729000000.0,20.054000000000002,10016000000.0
6,2018-09-29,AAPL,0.713,372304500000.0,21.622,1.133,2.4130000000000003,0.012,83806000000.0,83806000000.0,0.316,72903000000.0,122293250000.0,1172936495240.0,16.0,13.995999999999999,64121000000.0,12.94,1.0,0.38299999999999995,338366000000.0,353621000000.0,1090307495240.0,0.22399999999999998,18.315,18.796,4.212,4.105,10.176,0.20600000000000002,53.597,0.226,0.16,0.48700000000000004,0.27399999999999997,365725000000.0,73.804,15410000000.0
76,2018-09-30,IBM,0.65,123563250000.0,21.712,1.311,5.159,0.040999999999999995,16592000000.0,16592000000.0,0.20600000000000002,11382000000.0,18516000000.0,172556677859.0,14.0,10.4,13056000000.0,14.328,1.0,0.46399999999999997,80698000000.0,81766500000.0,138019677859.0,0.071,24.116999999999997,24.04,1.714,1.7169999999999999,6.976,0.14800000000000002,88.206,0.976,0.046,0.309,0.15,82330000000.0,90.353,11435000000.0
146,2018-09-30,PFE,0.319,167306750000.0,12.139000000000001,1.433,1.349,0.03,20072000000.0,20072000000.0,0.376,13755000000.0,70647250000.0,296157165797.0,22.0,14.755,16001000000.0,2.7239999999999998,1.0,0.7859999999999999,75383000000.0,73532500000.0,258343165797.0,0.446,10.845,10.963,4.851,4.84,3.622,0.187,9.085,0.33299999999999996,0.142,0.337,0.258,66918000000.0,11.39,12570000000.0
136,2018-09-30,MSFT,0.452,254491750000.0,11.204,2.918,1.9969999999999999,0.015,49310000000.0,49310000000.0,0.429,38711000000.0,81571000000.0,825054014431.0,21.0,16.732,31999000000.0,4.17,1.0,0.652,103910000000.0,105021250000.0,877014014431.0,0.16399999999999998,46.603,46.873000000000005,7.6370000000000005,7.632000000000001,10.202,0.369,14.975,0.6890000000000001,0.07400000000000001,0.231,0.337,214185000000.0,27.914,107918000000.0
106,2018-09-30,JPM,0.042,2587154500000.0,76.703,,9.099,0.02,45732000000.0,45732000000.0,0.426,38384000000.0,257077000000.0,486387162634.0,13.0,10.636,26319000000.0,7.796,1.0,1.0,2657756000000.0,2624941250000.0,379242162634.0,0.259,13.619000000000002,13.879000000000001,3.548,3.532,1.465,0.015,31.805,0.276,0.011000000000000001,0.10800000000000001,0.35700000000000004,2560486000000.0,758.415,
156,2018-09-30,PG,0.5479999999999999,121940750000.0,20.1,0.799,1.256,0.034,16714000000.0,16714000000.0,0.25,13409000000.0,53763500000.0,235794187990.0,17.0,14.107999999999999,11138000000.0,4.263999999999999,1.0,0.48200000000000004,48818000000.0,51462000000.0,207077187990.0,0.151,20.511,21.232,3.2510000000000003,3.097,3.944,0.271,25.6,0.718,0.083,0.188,0.20800000000000002,49296000000.0,18.872,-5874000000.0
176,2018-09-30,V,0.301,68399000000.0,16.596,1.611,1.036,0.005,14031000000.0,14031000000.0,0.6809999999999999,12806000000.0,33707000000.0,311955802382.0,23.0,22.233,12237000000.0,5.972,1.0,0.846,22145000000.0,22372250000.0,305320802382.0,0.5,29.64,33.88,14.922,14.815,8.978,0.6,10.058,0.18600000000000003,0.151,0.306,0.6509999999999999,26473000000.0,12.92,6911000000.0
96,2018-09-30,JNJ,0.521,156249000000.0,24.084,1.72,1.409,0.025,25529000000.0,25529000000.0,0.314,17437000000.0,62732500000.0,385190404948.0,21.0,15.088,18470000000.0,6.882999999999999,1.0,0.6629999999999999,64124000000.0,62106500000.0,370676404948.0,0.019,240.387,234.18599999999998,4.556,4.555,5.736000000000001,0.297,30.328000000000003,5.898,0.01,0.025,0.22699999999999998,76364000000.0,28.458000000000002,19757000000.0
196,2018-09-30,XOM,0.813,350233750000.0,44.963,0.8270000000000001,0.8290000000000001,0.037000000000000005,45741000000.0,45741000000.0,0.161,25445000000.0,188367500000.0,397748555787.0,15.0,8.696,16837000000.0,3.977,1.0,0.33799999999999997,323708000000.0,325733000000.0,359958555787.0,0.08199999999999999,15.502,15.629000000000001,1.264,1.264,1.891,0.08,67.27600000000001,0.585,0.066,0.12300000000000001,0.092,354628000000.0,83.76100000000001,-11313000000.0
26,2018-09-30,BA,0.86,113441250000.0,-2.219,1.104,-89.89,0.018000000000000002,12993000000.0,12993000000.0,0.133,10475000000.0,37000000.0,217656641977.0,20.0,16.752,13795000000.0,23.752,1.0,0.187,30832000000.0,31823000000.0,213659641977.0,0.106,20.631,21.119,2.214,2.19,-165.75599999999997,0.342,167.968,0.37200000000000005,0.091,279.892,0.11199999999999999,106407000000.0,183.208,8269000000.0
166,2018-09-30,T,0.336,490000250000.0,25.24,0.812,1.903,0.059000000000000004,51815000000.0,51815000000.0,0.315,17435000000.0,163402250000.0,420501960000.0,17.0,8.115,19473000000.0,2.673,1.0,0.525,348597000000.0,306085250000.0,243857960000.0,0.204,7.269,6.348,1.4869999999999999,1.483,1.3259999999999998,0.08199999999999999,22.575,0.376,0.068,0.205,0.153,239256000000.0,32.847,-12313000000.0
16,2018-09-30,AMZN,1.651,133866750000.0,80.17399999999999,1.082,2.673,0.0,25732000000.0,25732000000.0,0.11599999999999999,9786000000.0,33323000000.0,981760601567.0,88.0,38.153,15365000000.0,31.486,1.0,0.39899999999999997,78077000000.0,72359500000.0,976945601567.0,0.04,109.73200000000001,109.215,4.4239999999999995,4.421,24.97,0.154,452.781,0.0,0.067,0.267,0.05,129142000000.0,264.635,4561000000.0
36,2018-09-30,BRK,0.359,713284250000.0,152.164,,0.951,0.0,55698000000.0,55698000000.0,0.217,42708000000.0,357349250000.0,562629438580.0,12.0,10.101,21447000000.0,8.689,1.0,0.268,679708000000.0,650064500000.0,530417438580.0,0.242,8.56,8.52,2.063,2.0709999999999997,1.412,0.071,103.766,0.0,0.087,0.17300000000000001,0.18,623506000000.0,252.592,
126,2018-09-30,MA,0.642,22521000000.0,5.569,1.5519999999999998,3.0260000000000002,0.004,8115000000.0,8115000000.0,0.561,7473000000.0,5550750000.0,229825901898.0,30.0,28.320999999999998,6211000000.0,5.989,1.0,1.0,8111000000.0,7735250000.0,231169901898.0,0.359,44.567,44.791000000000004,15.97,15.992,40.029,0.9890000000000001,13.939,0.195,0.23,0.934,0.529,19367000000.0,18.676,5355000000.0
56,2018-09-30,GOOGL,0.62,209344500000.0,244.136,4.144,0.304,0.0,41340000000.0,41340000000.0,0.318,32859000000.0,161291750000.0,829571726233.0,25.0,20.067,22806000000.0,32.782,1.0,0.57,160437000000.0,152965250000.0,839738726233.0,0.145,44.743,44.773,6.466,6.466,4.944,0.215,186.676,0.0,0.09,0.11599999999999999,0.253,201195000000.0,289.207,98401000000.0
65,2018-10-28,HD,2.313,45652750000.0,1.163,1.089,33.242,0.023,17473000000.0,17473000000.0,0.165,14386000000.0,1617500000.0,219062919603.0,14.0,12.537,10102000000.0,8.9,1.0,0.34299999999999997,48766000000.0,48563000000.0,197054919603.0,0.1,18.668,18.68,1.851,1.8659999999999999,149.284,0.316,93.035,0.43200000000000005,0.231,6.526,0.145,42942000000.0,37.834,1613000000.0
45,2018-10-31,CRM,0.515,24339500000.0,19.333,0.856,0.81,0.0,1826000000.0,1826000000.0,0.146,965000000.0,12414250000.0,105206508000.0,117.0,57.61600000000001,2553000000.0,3.359,1.0,0.741,5087000000.0,4035750000.0,103849508000.0,0.076,108.85700000000001,106.38799999999999,8.315,8.279,7.068,0.223,16.505,0.0,0.039,0.077,0.07200000000000001,11538000000.0,15.182,-1152000000.0
185,2018-10-31,WMT,2.431,210523500000.0,24.622,0.81,2.043,0.021,21051000000.0,21051000000.0,0.040999999999999995,8189000000.0,74150500000.0,331649503281.0,32.0,15.755,18813000000.0,6.434,1.0,0.252,161605000000.0,151842000000.0,293693503281.0,0.01,56.93899999999999,57.632,0.573,0.574,4.079,0.069,175.06099999999998,1.19,0.025,0.07,0.02,195539000000.0,66.874,-16305000000.0
85,2018-12-29,INTC,0.555,127693250000.0,16.171,1.7309999999999999,0.716,0.026000000000000002,32276000000.0,32276000000.0,0.456,23317000000.0,71564500000.0,237834000000.0,10.0,7.369,14251000000.0,3.091,1.0,0.617,98328000000.0,97355500000.0,213367000000.0,0.297,10.135,10.23,3.043,3.012,2.862,0.23800000000000002,15.365,0.263,0.165,0.294,0.327,91614000000.0,19.869,12161000000.0
5,2018-12-29,AAPL,0.7190000000000001,364035750000.0,24.894000000000002,1.301,2.17,0.018000000000000002,81332000000.0,81332000000.0,0.311,69779000000.0,116716500000.0,829943529540.0,12.0,10.204,61973000000.0,13.085999999999999,1.0,0.382,335395000000.0,343000500000.0,741373529540.0,0.22699999999999998,12.475,12.732999999999999,2.8280000000000003,2.8339999999999996,6.289,0.203,55.24100000000001,0.23,0.163,0.509,0.267,373719000000.0,78.913,32545000000.0
95,2018-12-30,JNJ,0.526,155161750000.0,22.283,1.474,1.56,0.027999999999999997,25933000000.0,25933000000.0,0.318,17999000000.0,62630500000.0,356532336115.0,19.0,13.748,18531000000.0,6.9110000000000005,1.0,0.6679999999999999,56033000000.0,61517500000.0,341335336115.0,0.188,22.314,22.328000000000003,4.183,4.184,5.712999999999999,0.309,30.424,0.621,0.099,0.244,0.233,74890000000.0,27.928,14803000000.0
55,2018-12-31,GOOGL,0.627,218218750000.0,255.40900000000002,3.9189999999999996,0.311,0.0,43948000000.0,43948000000.0,0.321,34913000000.0,167573250000.0,717277149270.0,21.0,16.320999999999998,22832000000.0,32.83,1.0,0.565,165375000000.0,157577250000.0,726734149270.0,0.225,23.644000000000002,23.631,5.312,5.312,4.091,0.222,196.73,0.0,0.141,0.183,0.255,212684000000.0,305.815,101056000000.0
15,2018-12-31,AMZN,1.6440000000000001,141701250000.0,89.42299999999999,1.0979999999999999,2.735,0.0,28028000000.0,28028000000.0,0.12,11270000000.0,37283000000.0,738675210197.0,58.0,26.355,19400000000.0,39.836,1.0,0.402,81104000000.0,76561000000.0,734416210197.0,0.043,72.90899999999999,72.62899999999999,3.141,3.154,16.864,0.166,478.207,0.0,0.071,0.27,0.054000000000000006,148100000000.0,304.107,6710000000.0
35,2018-12-31,BRK,0.315,714709000000.0,141.687,,1.0190000000000001,0.0,17332000000.0,17332000000.0,0.077,3700000000.0,357451000000.0,558705308030.0,74.0,32.235,22863000000.0,9.29,1.0,0.14300000000000002,662399000000.0,650833500000.0,502503308030.0,0.018000000000000002,124.97,125.264,2.23,2.23,1.4409999999999998,0.012,91.57799999999999,0.0,0.006,0.011000000000000001,0.034,595270000000.0,241.873,
105,2018-12-31,JPM,0.042,2609387500000.0,75.52600000000001,,9.224,0.025,46790000000.0,46790000000.0,0.429,38999000000.0,257282500000.0,421896594974.0,11.0,9.017000000000001,14187000000.0,4.177,1.0,1.0,2823017000000.0,2695020000000.0,324626594974.0,0.282,10.571,10.799000000000001,3.0410000000000004,2.977,1.266,0.013999999999999999,32.101,0.27399999999999997,0.012,0.11900000000000001,0.358,2568183000000.0,756.1489999999999,
75,2018-12-31,IBM,0.647,123069750000.0,18.416,1.286,6.337999999999999,0.055,16550000000.0,16550000000.0,0.20800000000000002,11347000000.0,18316500000.0,138492588632.0,11.0,8.368,11531000000.0,12.642999999999999,1.0,0.46399999999999997,80011000000.0,81256000000.0,103302588632.0,0.11,11.835999999999999,11.878,1.3030000000000002,1.298,6.15,0.149,87.266,0.649,0.071,0.47700000000000004,0.152,84030000000.0,92.133,10919000000.0
175,2018-12-31,V,0.306,69524250000.0,16.904,1.5019999999999998,1.102,0.006999999999999999,14427000000.0,14427000000.0,0.679,13197000000.0,33880500000.0,273102309533.0,20.0,18.93,12702000000.0,6.297000000000001,1.0,0.845,22664000000.0,22258250000.0,266125309533.0,0.506,24.741999999999997,28.374000000000002,12.522,12.522,7.805,0.62,10.537,0.18899999999999997,0.155,0.317,0.649,29205000000.0,14.479000000000001,6718000000.0
125,2018-12-31,MA,0.639,23403750000.0,5.183,1.395,3.591,0.005,7849000000.0,7849000000.0,0.525,7204000000.0,5532500000.0,193289659976.0,26.0,24.625999999999998,5719000000.0,5.494,1.0,1.0,7944000000.0,8024500000.0,194836659976.0,0.392,33.254,33.508,13.136,13.033,36.114000000000004,0.9209999999999999,14.360999999999999,0.17800000000000002,0.25,1.0590000000000002,0.494,20965000000.0,20.139,4578000000.0
25,2018-12-31,BA,0.882,114690500000.0,0.597,1.0759999999999998,344.98199999999997,0.021,14193000000.0,14193000000.0,0.14,11604000000.0,-292250000.0,186985031502.0,15.0,13.174000000000001,13720000000.0,24.16,1.0,0.19399999999999998,30710000000.0,31529000000.0,183143031502.0,0.10300000000000001,17.509,17.867,1.811,1.811,540.245,0.38299999999999995,178.076,0.379,0.091,-35.791,0.11900000000000001,106090000000.0,186.81599999999997,6240000000.0
115,2018-12-31,KO,0.389,88242000000.0,3.987,0.866,3.778,0.033,10219000000.0,10219000000.0,0.298,8183000000.0,18294500000.0,232590933070.0,25.0,22.761,6327000000.0,1.486,1.0,0.619,65959000000.0,71958000000.0,201545933070.0,0.188,31.325,31.358,5.879,5.876,11.869000000000002,0.127,8.054,1.033,0.073,0.35200000000000004,0.266,61629000000.0,14.47,-3852000000.0
195,2018-12-31,XOM,0.83,349610000000.0,45.301,0.84,0.77,0.047,49883000000.0,49883000000.0,0.172,30372000000.0,189394000000.0,323071310922.0,10.0,6.477,16440000000.0,3.883,1.0,0.349,323812000000.0,324166250000.0,288703310922.0,0.07200000000000001,13.853,13.972999999999999,0.995,0.995,1.505,0.096,68.546,0.662,0.06,0.11,0.107,346196000000.0,81.76899999999999,-9165000000.0
145,2018-12-31,PFE,0.327,164213000000.0,10.798,1.567,1.5090000000000001,0.031,18243000000.0,18243000000.0,0.34,11859000000.0,68672000000.0,289795715330.0,24.0,15.885,13631000000.0,2.3209999999999997,1.0,0.79,79543000000.0,73711750000.0,252317715330.0,0.20800000000000002,22.623,22.974,4.7780000000000005,4.703,3.9789999999999996,0.161,9.136000000000001,0.716,0.068,0.162,0.221,70800000000.0,12.057,18068000000.0
135,2018-12-31,MSFT,0.46399999999999997,255205750000.0,11.977,3.1180000000000003,1.81,0.017,50985000000.0,50985000000.0,0.43,39927000000.0,85013000000.0,725675537016.0,18.0,14.232999999999999,31903000000.0,4.148,1.0,0.6509999999999999,109672000000.0,106030500000.0,779673537016.0,0.28300000000000003,23.245,23.349,6.595,6.582000000000001,8.463,0.377,15.4,0.395,0.131,0.395,0.337,208800000000.0,27.145,106556000000.0
155,2018-12-31,PG,0.552,121201500000.0,20.756,0.782,1.272,0.031,16631000000.0,16631000000.0,0.249,13336000000.0,53694000000.0,257752253602.0,19.0,15.498,11528000000.0,4.395,1.0,0.479,49492000000.0,50337500000.0,229010253602.0,0.161,21.214000000000002,21.834,3.603,3.423,4.206,0.276,25.51,0.675,0.08900000000000001,0.201,0.207,50808000000.0,19.37,-6816000000.0
165,2018-12-31,T,0.33399999999999996,511942000000.0,25.294,0.7979999999999999,1.8359999999999999,0.07,60677000000.0,60677000000.0,0.355,24290000000.0,174209250000.0,382475120000.0,12.0,6.303,22844000000.0,3.139,1.0,0.535,345617000000.0,328281750000.0,207714120000.0,0.113,10.722999999999999,10.014,1.216,1.216,1.128,0.098,23.462,0.7020000000000001,0.038,0.111,0.18899999999999997,238736000000.0,32.802,-12993000000.0
44,2019-01-31,CRM,0.501,26527750000.0,20.779,0.9490000000000001,0.97,0.0,1965000000.0,1965000000.0,0.14800000000000002,983000000.0,13721500000.0,117828050000.0,120.0,59.963,2803000000.0,3.7319999999999998,1.0,0.74,4517000000.0,4463250000.0,116257050000.0,0.084,104.736,102.682,8.593,8.753,7.45,0.22,17.686,0.0,0.042,0.081,0.07400000000000001,15268000000.0,20.33,-572000000.0
184,2019-01-31,WMT,2.401,214216750000.0,24.750999999999998,0.799,1.926,0.022000000000000002,23975000000.0,23975000000.0,0.047,10951000000.0,72807250000.0,330228071454.0,25.0,13.774000000000001,17928000000.0,6.121,1.0,0.251,160948000000.0,155206500000.0,278411071454.0,0.013000000000000001,41.74100000000001,42.031000000000006,0.546,0.541,3.84,0.086,175.625,0.912,0.031,0.092,0.026000000000000002,188114000000.0,64.225,-15580000000.0
64,2019-02-03,HD,2.377,45521250000.0,-1.652,1.1079999999999999,-24.430999999999997,0.022000000000000002,17682000000.0,17682000000.0,0.163,14556000000.0,784500000.0,232271032005.0,15.0,13.136,10629000000.0,9.347999999999999,1.0,0.34299999999999997,52459000000.0,49304500000.0,208251032005.0,0.10300000000000001,18.726,18.852,1.9369999999999998,1.925,-110.89,0.315,95.165,0.42100000000000004,0.244,14.175999999999998,0.14400000000000002,41751000000.0,36.72,1813000000.0
114,2019-03-29,KO,0.39899999999999997,87008250000.0,4.152,1.021,3.865,0.034,10520000000.0,10520000000.0,0.303,8470000000.0,17825750000.0,232946433853.0,25.0,22.143,6372000000.0,1.492,1.0,0.615,74744000000.0,71164000000.0,200342433853.0,0.19399999999999998,29.706999999999997,29.846999999999998,5.768,5.774,11.296,0.132,8.124,1.0,0.078,0.37799999999999995,0.272,65603000000.0,15.36,597000000.0
4,2019-03-30,AAPL,0.723,357659750000.0,22.648000000000003,1.315,2.231,0.015,79258000000.0,79258000000.0,0.307,67404000000.0,111462000000.0,965626436000.0,14.0,12.183,59830000000.0,12.8,1.0,0.381,322868000000.0,334976750000.0,895667436000.0,0.221,15.667,15.842,3.435,3.465,8.461,0.201,55.303000000000004,0.244,0.16,0.513,0.261,341998000000.0,73.169,29574000000.0
84,2019-03-30,INTC,0.5539999999999999,127908750000.0,16.398,1.537,0.757,0.023,32200000000.0,32200000000.0,0.455,22853000000.0,72438500000.0,264828900000.0,12.0,8.225,12515000000.0,2.786,1.0,0.608,99902000000.0,98083000000.0,241488900000.0,0.29,11.738,11.907,3.405,3.409,3.278,0.231,15.770999999999999,0.26899999999999996,0.161,0.284,0.32,93480000000.0,20.81,10149000000.0
174,2019-03-31,V,0.311,69730000000.0,17.095,1.625,1.038,0.006,14881000000.0,14881000000.0,0.687,13657000000.0,33923500000.0,320380186765.0,22.0,21.529,11907000000.0,5.939,1.0,0.845,24514000000.0,22591750000.0,313532186765.0,0.513,28.175,32.271,14.449000000000002,14.466,9.148,0.631,10.81,0.19,0.16,0.32799999999999996,0.657,27811000000.0,13.870999999999999,7110000000.0
124,2019-03-31,MA,0.648,23547750000.0,5.037,1.405,3.533,0.005,8249000000.0,8249000000.0,0.541,7604000000.0,5398750000.0,240122285352.0,31.0,29.109,5980000000.0,5.827999999999999,1.0,1.0,8703000000.0,8103250000.0,241550285352.0,0.408,38.778,39.111,15.831,15.83,46.74,0.9620000000000001,14.872,0.179,0.265,1.1540000000000001,0.511,19551000000.0,19.055999999999997,4150000000.0
154,2019-03-31,PG,0.557,120527500000.0,21.061,0.7859999999999999,1.19,0.027999999999999997,16647000000.0,16647000000.0,0.248,13359000000.0,53845500000.0,290220368721.0,21.0,17.434,11850000000.0,4.493,1.0,0.48,48246000000.0,49067250000.0,260289368721.0,0.16399999999999998,23.6,24.142,4.091,3.88,4.686,0.28300000000000003,25.436,0.6659999999999999,0.092,0.205,0.207,49084000000.0,18.609,-6058000000.0
134,2019-03-31,MSFT,0.47100000000000003,259651750000.0,12.365,2.969,1.775,0.015,53046000000.0,53046000000.0,0.434,41772000000.0,88919250000.0,856050853821.0,20.0,16.137999999999998,33641000000.0,4.385,1.0,0.654,106910000000.0,106289000000.0,904860853821.0,0.28600000000000003,25.908,25.978,7.404,7.404,9.539,0.39299999999999996,15.929,0.38799999999999996,0.135,0.39299999999999996,0.342,213317000000.0,27.805,106026000000.0
164,2019-03-31,T,0.33,537452250000.0,25.313000000000002,0.7190000000000001,1.909,0.064,61334000000.0,61334000000.0,0.345,23365000000.0,184007250000.0,399745738731.0,13.0,6.518,25785000000.0,3.5260000000000002,1.0,0.537,378564000000.0,355217750000.0,228444738731.0,0.106,12.149000000000001,11.700999999999999,1.2919999999999998,1.287,1.234,0.08900000000000001,24.278000000000002,0.75,0.035,0.102,0.179,255999000000.0,35.006,-18180000000.0
144,2019-03-31,PFE,0.33299999999999996,161915250000.0,10.436,1.5390000000000001,1.6369999999999998,0.032,18422000000.0,18422000000.0,0.342,12060000000.0,65827500000.0,276386149431.0,23.0,15.003,13146000000.0,2.333,1.0,0.794,81678000000.0,76205500000.0,235785149431.0,0.213,20.544,21.342,4.4430000000000005,4.378,4.01,0.158,9.558,0.693,0.071,0.174,0.22399999999999998,67895000000.0,12.049000000000001,15867000000.0
104,2019-03-31,JPM,0.042,2641238250000.0,78.786,,9.533999999999999,0.027000000000000003,47649000000.0,47649000000.0,0.43200000000000005,39617000000.0,258191500000.0,586285489923.0,15.0,12.304,-31584000000.0,-9.577,1.0,1.0,2965291000000.0,2772181000000.0,331451489923.0,0.28300000000000003,10.616,10.873,3.028,3.0060000000000002,1.276,0.013999999999999999,33.428000000000004,0.292,0.012,0.121,0.359,2683020000000.0,813.529,
54,2019-03-31,GOOGL,0.623,227822250000.0,263.918,3.9589999999999996,0.337,0.0,42178000000.0,42178000000.0,0.297,32516000000.0,173235000000.0,805468917588.0,25.0,19.097,25821000000.0,37.143,1.0,0.563,183557000000.0,165088000000.0,818157917588.0,0.19699999999999998,29.228,29.225,5.761,5.761,4.459,0.19699999999999998,204.27900000000002,0.0,0.12300000000000001,0.162,0.22899999999999998,225343000000.0,324.14799999999997,103297000000.0
14,2019-03-31,AMZN,1.5619999999999998,154636250000.0,98.595,1.09,2.679,0.0,31728000000.0,31728000000.0,0.131,13750000000.0,41519750000.0,866454546368.0,57.0,27.309,23043000000.0,46.931000000000004,1.0,0.41100000000000003,133181000000.0,91633000000.0,874709546368.0,0.05,72.862,72.536,3.62,3.6210000000000004,18.069000000000003,0.166,491.945,0.0,0.078,0.289,0.063,163394000000.0,332.778,5736000000.0
34,2019-03-31,BRK,0.354,723727250000.0,149.89700000000002,,0.993,0.0,46544000000.0,46544000000.0,0.182,32866000000.0,362820000000.0,561493250111.0,15.0,12.064,22322000000.0,9.071,1.0,0.239,697292000000.0,667592000000.0,494364250111.0,0.105,18.433,18.413,1.932,1.932,1.34,0.055,103.99700000000001,0.0,0.037000000000000005,0.07400000000000001,0.14400000000000002,626238000000.0,254.47799999999998,
194,2019-03-31,XOM,0.813,351450750000.0,45.155,0.774,0.8270000000000001,0.040999999999999995,47087000000.0,47087000000.0,0.165,27498000000.0,190150750000.0,376926036425.0,13.0,8.005,14409000000.0,3.403,1.0,0.34700000000000003,325796000000.0,324362250000.0,342172036425.0,0.065,18.456,18.618,1.198,1.198,1.7890000000000001,0.087,67.447,0.7559999999999999,0.053,0.098,0.099,356189000000.0,84.11,-15056000000.0
74,2019-03-31,IBM,0.632,124480000000.0,18.526,1.3559999999999999,6.936,0.045,17666000000.0,17666000000.0,0.22399999999999998,12087000000.0,17895250000.0,159768128722.0,12.0,9.044,11967000000.0,13.452,1.0,0.467,90427000000.0,83006750000.0,125560128722.0,0.11,14.532,14.79,1.595,1.595,7.617999999999999,0.155,88.469,0.6579999999999999,0.069,0.483,0.163,91689000000.0,103.068,13834000000.0
24,2019-03-31,BA,0.865,116355500000.0,0.218,1.07,959.816,0.019,13728000000.0,13728000000.0,0.136,11098000000.0,-566500000.0,225863553226.0,19.0,16.453,13348000000.0,23.319000000000003,1.0,0.192,33037000000.0,31500500000.0,219653553226.0,0.10099999999999999,21.679000000000002,21.622,2.169,2.182,1757.2279999999998,0.368,175.86,0.40700000000000003,0.087,-17.885,0.115,108744000000.0,189.979,5894000000.0
94,2019-03-31,JNJ,0.532,153512250000.0,22.156999999999996,1.442,1.545,0.026000000000000002,24732000000.0,24732000000.0,0.303,16940000000.0,61555500000.0,384653141958.0,22.0,15.552999999999999,18470000000.0,6.942,1.0,0.6679999999999999,57202000000.0,59837000000.0,372280141958.0,0.18,25.361,25.509,4.559,4.563,6.315,0.297,30.665,0.657,0.096,0.23800000000000002,0.218,71679000000.0,26.939,12876000000.0
43,2019-04-30,CRM,0.48200000000000004,29075500000.0,21.331,0.9570000000000001,1.016,0.0,2302000000.0,2302000000.0,0.16399999999999998,1080000000.0,15068000000.0,127991850000.0,119.0,55.6,3265000000.0,4.235,1.0,0.743,9462000000.0,5850500000.0,127484850000.0,0.083,110.09100000000001,108.072,9.097999999999999,9.097999999999999,7.752000000000001,0.185,18.175,0.0,0.04,0.077,0.077,17829000000.0,23.125,-453000000.0
183,2019-04-30,WMT,2.327,221621000000.0,23.773000000000003,0.773,2.3409999999999997,0.02,26567000000.0,26567000000.0,0.052000000000000005,13364000000.0,70970500000.0,345429326213.0,22.0,13.002,15787000000.0,5.502999999999999,1.0,0.25,189414000000.0,166615500000.0,295118326213.0,0.016,35.225,35.461999999999996,0.5720000000000001,0.5720000000000001,4.327,0.095,179.72799999999998,0.721,0.038,0.11800000000000001,0.031,203128000000.0,70.801,-18149000000.0
63,2019-05-05,HD,2.346,46737500000.0,-1.946,1.045,-25.039,0.022000000000000002,17913000000.0,17913000000.0,0.163,14738000000.0,-173000000.0,248822887364.0,16.0,13.890999999999998,11096000000.0,10.078,1.0,0.34299999999999997,61908000000.0,52674000000.0,221398887364.0,0.102,19.715,20.096,2.0140000000000002,2.019,-103.31299999999999,0.299,99.579,0.446,0.24,-64.913,0.14400000000000002,49265000000.0,44.746,880000000.0
113,2019-06-28,KO,0.405,87109000000.0,4.2589999999999995,0.8290000000000001,3.8339999999999996,0.031,10654000000.0,10654000000.0,0.302,8571000000.0,17790250000.0,254314581452.0,27.0,23.87,8110000000.0,1.9,1.0,0.611,69471000000.0,69952750000.0,217230581452.0,0.19899999999999998,30.879,31.049,6.162999999999999,6.159,11.948,0.136,8.262,0.963,0.081,0.395,0.27,63081000000.0,14.777000000000001,-5022000000.0
83,2019-06-29,INTC,0.545,129105500000.0,16.782,1.484,0.745,0.026000000000000002,32349000000.0,32349000000.0,0.46,22048000000.0,73663500000.0,239646990000.0,11.0,7.4079999999999995,13665000000.0,3.06,1.0,0.605,101170000000.0,99005500000.0,214313990000.0,0.281,10.854000000000001,10.954,3.037,3.045,2.86,0.226,15.76,0.281,0.153,0.268,0.318,94927000000.0,21.255,9534000000.0
3,2019-06-29,AAPL,0.738,350920250000.0,21.103,1.505,2.3409999999999997,0.015,78153000000.0,78153000000.0,0.302,66031000000.0,106838750000.0,985286764000.0,15.0,12.607000000000001,58245000000.0,12.743,1.0,0.379,290423000000.0,321763000000.0,910644764000.0,0.215,16.351,16.73,3.492,3.516,9.441,0.205,56.674,0.25,0.159,0.521,0.255,322239000000.0,70.502,45269000000.0
13,2019-06-30,AMZN,1.492,168949000000.0,107.62899999999999,1.102,2.6060000000000003,0.0,33614000000.0,33614000000.0,0.133,14024000000.0,46036250000.0,965776220987.0,62.0,28.730999999999998,25018000000.0,50.746,1.0,0.413,142793000000.0,108788750000.0,932294220987.0,0.048,77.075,76.79,3.7039999999999997,3.699,17.57,0.14300000000000002,511.284,0.0,0.07200000000000001,0.263,0.062,176624000000.0,358.264,7112000000.0
143,2019-06-30,PFE,0.336,159720000000.0,10.71,1.47,1.6159999999999999,0.032,17999000000.0,17999000000.0,0.335,11671000000.0,63275000000.0,284062132511.0,24.0,15.782,11746000000.0,2.112,1.0,0.799,82684000000.0,79822000000.0,240856132511.0,0.23600000000000002,19.039,19.339000000000002,4.49,4.489,4.043,0.146,9.647,0.625,0.079,0.2,0.218,69823000000.0,12.554,15043000000.0
93,2019-06-30,JNJ,0.53,153450250000.0,22.915,1.3330000000000002,1.5519999999999998,0.026000000000000002,26618000000.0,26618000000.0,0.327,19008000000.0,61029500000.0,384430197869.0,20.0,14.442,18377000000.0,6.928,1.0,0.667,55813000000.0,58293000000.0,369796197869.0,0.201,22.642,22.758000000000003,4.543,4.547,6.084,0.33799999999999997,30.659000000000002,0.596,0.106,0.268,0.242,72124000000.0,27.19,10446000000.0
23,2019-06-30,BA,0.77,119622000000.0,-9.414,1.032,-24.653000000000002,0.021,7799000000.0,7799000000.0,0.085,5085000000.0,-1536750000.0,212711100276.0,38.0,27.274,8240000000.0,14.575999999999999,1.0,0.136,32309000000.0,31722000000.0,204803100276.0,0.054000000000000006,41.01,42.033,2.233,2.222,-38.482,0.177,163.02,0.87,0.042,-3.25,0.061,114449000000.0,202.457,2922000000.0
193,2019-06-30,XOM,0.7929999999999999,354435500000.0,45.231,0.736,0.848,0.043,45093000000.0,45093000000.0,0.16,25393000000.0,191189500000.0,360467726630.0,14.0,7.994,11330000000.0,2.678,1.0,0.34700000000000003,331425000000.0,326185250000.0,324228726630.0,0.063,18.297,18.465,1.153,1.153,1.694,0.08,66.464,0.802,0.05,0.09300000000000001,0.09300000000000001,360729000000.0,85.257,-18544000000.0
153,2019-06-30,PG,0.565,119723750000.0,18.968,0.7490000000000001,1.419,0.026000000000000002,9333000000.0,9333000000.0,0.138,6000000000.0,52519500000.0,302570358623.0,46.0,32.419000000000004,11895000000.0,4.742,1.0,0.486,70664000000.0,54305000000.0,275038358623.0,0.057999999999999996,70.577,75.62100000000001,4.064,4.064,5.781000000000001,0.12,26.984,1.9980000000000002,0.033,0.07400000000000001,0.096,74822000000.0,29.829,-7538000000.0
173,2019-06-30,V,0.317,70248500000.0,17.567999999999998,1.69,1.0070000000000001,0.006,15921000000.0,15921000000.0,0.715,14711000000.0,34342750000.0,354500335695.0,23.0,22.266,11516000000.0,5.781000000000001,1.0,0.848,24715000000.0,23509500000.0,346417335695.0,0.534,29.111,33.311,15.520999999999999,15.552999999999999,9.899,0.65,11.182,0.184,0.16899999999999998,0.34700000000000003,0.6859999999999999,27664000000.0,13.888,7476000000.0
73,2019-06-30,IBM,0.5870000000000001,132737500000.0,19.909000000000002,1.83,7.757000000000001,0.046,18009000000.0,18009000000.0,0.231,12077000000.0,17676500000.0,159877052187.0,12.0,8.878,13187000000.0,14.879000000000001,1.0,0.469,107059000000.0,89548750000.0,122268052187.0,0.11199999999999999,13.999,14.173,1.57,1.57,6.928999999999999,0.145,87.848,0.6509999999999999,0.066,0.494,0.16699999999999998,116640000000.0,131.60299999999998,35166000000.0
33,2019-06-30,BRK,0.355,735771250000.0,155.899,,0.977,0.0,49275000000.0,49275000000.0,0.18899999999999997,35493000000.0,368932500000.0,594129802055.0,15.0,12.057,23116000000.0,9.421,1.0,0.248,703080000000.0,685619750000.0,523075802055.0,0.111,18.111,18.096,2.004,2.004,1.367,0.057,106.369,0.0,0.039,0.078,0.151,647807000000.0,264.002,
133,2019-06-30,MSFT,0.47200000000000003,266578750000.0,13.335999999999999,2.529,1.8,0.013000000000000001,55370000000.0,55370000000.0,0.44,43688000000.0,93822250000.0,973965088560.0,22.0,17.59,38260000000.0,4.986000000000001,1.0,0.659,111907000000.0,108099750000.0,1026511088560.0,0.312,26.16,26.215,8.168,8.157,10.031,0.40399999999999997,16.401,0.35200000000000004,0.147,0.418,0.34700000000000003,236780000000.0,30.859,106132000000.0
103,2019-06-30,JPM,0.042,2675570500000.0,80.97399999999999,,9.362,0.026000000000000002,48514000000.0,48514000000.0,0.436,40363000000.0,259630750000.0,644947178158.0,16.0,13.294,-81123000000.0,-24.956,1.0,1.0,2956481000000.0,2850636250000.0,362676178158.0,0.292,11.147,11.373,3.264,3.258,1.3780000000000001,0.013999999999999999,34.247,0.301,0.012,0.125,0.363,2674077000000.0,822.6410000000001,
53,2019-06-30,GOOGL,0.62,239195000000.0,276.836,3.985,0.33799999999999997,0.0,50831000000.0,50831000000.0,0.34299999999999997,40448000000.0,180783000000.0,744851202882.0,18.0,14.652999999999999,27663000000.0,39.846,1.0,0.5579999999999999,196774000000.0,176535750000.0,751727202882.0,0.23399999999999999,21.636,21.656,5.069,5.069,3.911,0.22899999999999998,213.612,0.0,0.145,0.192,0.273,237199000000.0,341.665,110437000000.0
163,2019-06-30,T,0.34,540508000000.0,25.160999999999998,0.711,1.915,0.06,60331000000.0,60331000000.0,0.32899999999999996,21513000000.0,184326500000.0,431772980000.0,14.0,7.157,29421000000.0,4.018,1.0,0.535,372086000000.0,361216000000.0,244555980000.0,0.095,14.067,14.08,1.337,1.3330000000000002,1.327,0.083,25.06,0.8490000000000001,0.032,0.094,0.163,255755000000.0,34.925,-19158000000.0
123,2019-06-30,MA,0.6509999999999999,24112750000.0,4.91,1.492,3.918,0.004,8856000000.0,8856000000.0,0.564,8201000000.0,5336500000.0,269621228680.0,32.0,30.445,5970000000.0,5.853,1.0,1.0,11532000000.0,9072500000.0,270223228680.0,0.42700000000000005,40.284,40.51,17.178,17.204,53.958,0.925,15.399000000000001,0.17800000000000002,0.278,1.2570000000000001,0.534,19975000000.0,19.583,4668000000.0
182,2019-07-31,WMT,2.2640000000000002,228820750000.0,24.65,0.764,2.2430000000000003,0.019,31301000000.0,31301000000.0,0.06,17943000000.0,70756000000.0,381278229482.0,19.0,12.181,17352000000.0,6.082000000000001,1.0,0.249,188550000000.0,175129250000.0,315104229482.0,0.025,24.524,24.749000000000002,0.608,0.608,4.481,0.11699999999999999,181.55900000000003,0.47100000000000003,0.055999999999999994,0.182,0.04,203407000000.0,71.296,-18912000000.0
42,2019-07-31,CRM,0.47600000000000003,30953750000.0,22.121,0.971,0.9420000000000001,0.0,2439000000.0,2439000000.0,0.166,1013000000.0,15977500000.0,122013000000.0,120.0,50.026,3235000000.0,4.169,1.0,0.748,10124000000.0,7297500000.0,119892000000.0,0.064,126.20200000000001,123.6,8.14,8.14,6.984,0.139,18.980999999999998,0.0,0.031,0.059000000000000004,0.069,17809000000.0,22.95,-292000000.0
62,2019-08-04,HD,2.283,48182000000.0,-1.0590000000000002,1.101,-45.836000000000006,0.023,17938000000.0,17938000000.0,0.163,14696000000.0,-965250000.0,265741695903.0,17.0,14.814,11059000000.0,10.1,1.0,0.342,62884000000.0,56504250000.0,233425695903.0,0.102,20.836,21.005,2.112,2.122,-201.229,0.27899999999999997,100.46799999999999,0.473,0.233,-11.606,0.14300000000000002,49756000000.0,45.43899999999999,1901000000.0
112,2019-09-27,KO,0.413,87248000000.0,4.372,0.9209999999999999,3.5669999999999997,0.028999999999999998,11440000000.0,11440000000.0,0.318,9232000000.0,17902500000.0,268003050103.0,26.0,23.427,9163000000.0,2.141,1.0,0.607,68947000000.0,69780250000.0,232231050103.0,0.215,29.973000000000003,30.006,6.456,6.45,12.41,0.146,8.412,0.878,0.08900000000000001,0.433,0.28300000000000003,61103000000.0,14.276,-1983000000.0
2,2019-09-28,AAPL,0.7559999999999999,344118000000.0,19.595,1.54,2.741,0.013999999999999999,78284000000.0,78284000000.0,0.301,65737000000.0,102674000000.0,1046774967600.0,16.0,13.372,58896000000.0,12.754000000000001,1.0,0.37799999999999995,292001000000.0,310171750000.0,988886967600.0,0.212,17.896,18.281,3.884,3.801,10.927999999999999,0.212,56.341,0.251,0.161,0.5379999999999999,0.253,338516000000.0,73.306,57101000000.0
82,2019-09-28,INTC,0.54,130487000000.0,16.908,1.195,0.802,0.025,32245000000.0,32245000000.0,0.45799999999999996,21625000000.0,74353250000.0,250903400000.0,11.0,7.781000000000001,14720000000.0,3.352,1.0,0.589,97930000000.0,99332500000.0,224955400000.0,0.275,11.633,11.727,3.167,3.195,3.03,0.22,16.035999999999998,0.28800000000000003,0.14800000000000002,0.26,0.311,98022000000.0,22.323,4893000000.0
92,2019-09-29,JNJ,0.5329999999999999,153404750000.0,22.09,1.261,1.672,0.028999999999999998,23643000000.0,23643000000.0,0.289,16232000000.0,59425500000.0,354438686772.0,21.0,14.991,19706000000.0,7.478,1.0,0.665,52191000000.0,55309750000.0,339396686772.0,0.17300000000000001,23.984,24.173000000000002,4.147,4.154,5.831,0.302,31.006999999999998,0.695,0.092,0.23800000000000002,0.205,74384000000.0,28.228,9171000000.0
142,2019-09-29,PFE,0.331,160372000000.0,11.741,0.905,1.614,0.039,24485000000.0,24485000000.0,0.462,18218000000.0,61721000000.0,245225571346.0,13.0,10.015,10897000000.0,1.965,1.0,0.799,85688000000.0,82398250000.0,200334571346.0,0.306,12.353,12.404000000000002,3.787,3.7769999999999997,3.077,0.221,9.565,0.486,0.10099999999999999,0.263,0.34299999999999997,72786000000.0,13.126,-3515000000.0
162,2019-09-30,T,0.335,543989500000.0,24.983,0.7440000000000001,1.936,0.054000000000000006,57674000000.0,57674000000.0,0.316,20041000000.0,184126750000.0,459203880000.0,16.0,7.962000000000001,29059000000.0,3.966,1.0,0.535,373499000000.0,367441500000.0,276496880000.0,0.09,16.894000000000002,16.969,1.52,1.516,1.511,0.078,24.889,0.91,0.03,0.08900000000000001,0.156,260749000000.0,35.586999999999996,-17431000000.0
172,2019-09-30,V,0.32299999999999995,71085750000.0,17.351,1.5630000000000002,1.092,0.006,16073000000.0,16073000000.0,0.7,14884000000.0,34512250000.0,349133190940.0,23.0,21.721999999999998,12028000000.0,6.017,1.0,0.85,24409000000.0,24075500000.0,341253190940.0,0.526,28.249000000000002,32.333,14.965,14.852,9.839,0.64,11.494000000000002,0.188,0.17,0.35,0.6709999999999999,30138000000.0,15.077,7555000000.0
52,2019-09-30,GOOGL,0.621,249571500000.0,281.17900000000003,3.782,0.349,0.0,49941000000.0,49941000000.0,0.322,38993000000.0,187065250000.0,843311461119.0,22.0,16.886,28469000000.0,41.056999999999995,1.0,0.556,201720000000.0,186856500000.0,846736461119.0,0.21,25.958000000000002,25.987,5.461,5.461,4.343,0.209,223.62,0.0,0.131,0.174,0.251,243228000000.0,350.777,109134000000.0
192,2019-09-30,XOM,0.758,355618750000.0,44.885,0.779,0.8540000000000001,0.048,41110000000.0,41110000000.0,0.152,21163000000.0,191077000000.0,339741415419.0,15.0,8.264,8220000000.0,1.943,1.0,0.34600000000000003,336961000000.0,329498500000.0,298758415419.0,0.054000000000000006,20.393,20.526,1.1079999999999999,1.1079999999999999,1.5730000000000002,0.067,63.733000000000004,0.983,0.040999999999999995,0.077,0.08199999999999999,359361000000.0,84.93299999999999,-14187000000.0
72,2019-09-30,IBM,0.552,139645000000.0,20.266,1.087,7.325,0.044000000000000004,17304000000.0,17304000000.0,0.22399999999999998,10600000000.0,17219500000.0,161593965913.0,14.0,9.339,12835000000.0,14.485999999999999,1.0,0.46799999999999997,102259000000.0,94939000000.0,128823965913.0,0.1,16.704,16.773,1.67,1.67,7.1739999999999995,0.124,87.056,0.736,0.055,0.44799999999999995,0.153,76056000000.0,85.84200000000001,3055000000.0
132,2019-09-30,MSFT,0.47700000000000004,271912750000.0,13.892999999999999,2.8539999999999996,1.63,0.013000000000000001,57969000000.0,57969000000.0,0.447,46153000000.0,98845750000.0,1006097968880.0,22.0,17.355999999999998,38638000000.0,5.061,1.0,0.6659999999999999,110734000000.0,109805750000.0,1061550968880.0,0.317,25.831999999999997,25.938000000000002,8.176,8.177,10.009,0.42,17.005,0.34299999999999997,0.151,0.41600000000000004,0.35600000000000004,229334000000.0,30.041,107778000000.0
22,2019-09-30,BA,0.701,124106750000.0,-7.231,1.107,-33.141,0.021,6993000000.0,6993000000.0,0.08,4129000000.0,-2243500000.0,224143276744.0,47.0,32.053000000000004,1176000000.0,2.066,1.0,0.132,43991000000.0,35011750000.0,214094276744.0,0.044000000000000004,56.37,57.473,2.49,2.461,-52.015,0.136,152.827,1.19,0.031,-1.693,0.055,120948000000.0,212.488,9810000000.0
122,2019-09-30,MA,0.657,24773000000.0,4.885,1.386,4.23,0.005,9167000000.0,9167000000.0,0.563,8471000000.0,5130000000.0,276577914453.0,32.0,30.171,5869000000.0,5.794,1.0,1.0,11694000000.0,9968250000.0,275523914453.0,0.425,39.833,40.055,16.902,16.928,55.673,0.871,16.067,0.183,0.27899999999999997,1.348,0.5329999999999999,20947000000.0,20.678,4133000000.0
152,2019-09-30,PG,0.58,118628250000.0,17.747,0.725,1.4280000000000002,0.024,9783000000.0,9783000000.0,0.142,6391000000.0,51139500000.0,337084057506.0,49.0,34.455999999999996,12498000000.0,4.721,1.0,0.491,40407000000.0,52202250000.0,311231057506.0,0.062,72.531,77.737,4.787,4.524,6.624,0.132,25.984,1.829,0.036000000000000004,0.084,0.1,50451000000.0,19.055999999999997,-8328000000.0
102,2019-09-30,JPM,0.042,2712940000000.0,82.647,,9.458,0.027000000000000003,49341000000.0,49341000000.0,0.435,41037000000.0,260978750000.0,658716008355.0,16.0,13.35,-76617000000.0,-23.954,1.0,1.0,3048117000000.0,2948226500000.0,376312008355.0,0.293,11.337,11.572000000000001,3.319,3.318,1.4240000000000002,0.013999999999999999,35.455999999999996,0.315,0.012,0.127,0.36200000000000004,2711583000000.0,847.7669999999999,
12,2019-09-30,AMZN,1.452,182800000000.0,114.15799999999999,1.0959999999999999,2.523,0.0,34674000000.0,34674000000.0,0.131,13261000000.0,50382000000.0,894525322999.0,60.0,25.798000000000002,23464000000.0,47.402,1.0,0.41100000000000003,148504000000.0,126395500000.0,858678322999.0,0.043,75.67399999999999,75.278,3.237,3.235,15.196,0.11699999999999999,536.299,0.0,0.062,0.225,0.055999999999999994,184365000000.0,372.455,6918000000.0
32,2019-09-30,BRK,0.34600000000000003,748777000000.0,161.937,,0.973,0.0,46825000000.0,46825000000.0,0.18100000000000002,32869000000.0,374433250000.0,566032302673.0,15.0,12.088,21819000000.0,8.886000000000001,1.0,0.239,703884000000.0,691663750000.0,510759302673.0,0.10400000000000001,19.011,18.894000000000002,1.974,1.974,1.285,0.053,105.383,0.0,0.036000000000000004,0.07200000000000001,0.142,676466000000.0,275.508,
41,2019-10-31,CRM,0.431,36792250000.0,37.86,1.053,0.501,0.0,2726000000.0,2726000000.0,0.172,949000000.0,20624000000.0,139751730000.0,147.0,51.266000000000005,3356000000.0,3.818,1.0,0.75,11156000000.0,8814750000.0,137241730000.0,0.046,186.47,158.071,8.679,8.658999999999999,4.124,0.10800000000000001,18.032,0.0,0.02,0.036000000000000004,0.06,19404000000.0,22.075,552000000.0
181,2019-10-31,WMT,2.245,232132500000.0,25.201999999999998,0.8109999999999999,2.254,0.018000000000000002,33320000000.0,33320000000.0,0.064,19814000000.0,70669250000.0,398946751221.0,18.0,11.972999999999999,14318000000.0,5.0360000000000005,1.0,0.248,192672000000.0,182896000000.0,333520751221.0,0.027999999999999997,23.118000000000002,23.266,0.64,0.64,4.655,0.12300000000000001,183.287,0.419,0.062,0.204,0.043,209114000000.0,73.554,-15872000000.0
61,2019-11-03,HD,2.22,49959250000.0,-0.9940000000000001,1.082,-49.345,0.022000000000000002,18068000000.0,18068000000.0,0.163,14717000000.0,-1565750000.0,291849630346.0,18.0,16.153,11077000000.0,10.172,1.0,0.341,63349000000.0,60150000000.0,259923630346.0,0.1,23.406,23.476,2.33,2.343,-240.225,0.263,101.868,0.505,0.222,-7.0920000000000005,0.14300000000000002,50056000000.0,45.965,1609000000.0
81,2019-12-28,INTC,0.5429999999999999,132627250000.0,17.547,1.4,0.762,0.021,34400000000.0,34400000000.0,0.478,24058000000.0,75088500000.0,286320000000.0,12.0,8.323,16932000000.0,3.833,1.0,0.586,101918000000.0,100230000000.0,261348000000.0,0.292,12.417,12.595,3.688,3.6319999999999997,3.372,0.235,16.293,0.264,0.159,0.28,0.32799999999999996,99421000000.0,22.509,8929000000.0
1,2019-12-28,AAPL,0.797,335842750000.0,20.279,1.598,2.804,0.01,79717000000.0,79717000000.0,0.298,67749000000.0,95583750000.0,1346861197000.0,20.0,16.896,63970000000.0,14.489,1.0,0.379,306978000000.0,303067500000.0,1287658197000.0,0.215,22.384,22.712,4.78,4.81,14.382,0.22399999999999998,60.63,0.23800000000000002,0.171,0.602,0.253,340618000000.0,77.149,61070000000.0
91,2019-12-29,JNJ,0.531,154598250000.0,22.483,1.2590000000000001,1.652,0.026000000000000002,24655000000.0,24655000000.0,0.3,17328000000.0,59355250000.0,396564402154.0,22.0,16.085,19918000000.0,7.53,1.0,0.664,50873000000.0,54019750000.0,383595402154.0,0.184,25.372,25.480999999999998,4.698,4.675,6.45,0.327,31.023000000000003,0.6559999999999999,0.098,0.255,0.215,76446000000.0,28.901,9310000000.0
171,2019-12-31,V,0.327,71867250000.0,17.913,1.27,1.12,0.006,16406000000.0,16406000000.0,0.6970000000000001,15228000000.0,34806000000.0,377721937135.0,24.0,23.023000000000003,12575000000.0,6.386,1.0,0.846,20584000000.0,23555500000.0,370035937135.0,0.526,29.901999999999997,34.288000000000004,15.727,15.729000000000001,10.492,0.6679999999999999,11.948,0.192,0.172,0.35600000000000004,0.669,31877000000.0,16.189,4740000000.0
21,2019-12-31,BA,0.597,128173250000.0,-15.311,1.051,-16.47,0.025,734000000.0,734000000.0,0.01,-2259000000.0,-4482500000.0,198223872062.0,-129.0,270.06,-3946000000.0,-7.011,1.0,0.057999999999999996,42732000000.0,38017250000.0,183334872062.0,-0.008,-288.262,-290.857,2.395,2.395,-21.276,-0.04,136.034,-7.3389999999999995,-0.005,0.142,-0.02,122227000000.0,217.18,4917000000.0
31,2019-12-31,BRK,0.42200000000000004,776260750000.0,173.775,,0.9159999999999999,0.0,116346000000.0,116346000000.0,0.35600000000000004,102321000000.0,393455250000.0,581096235407.0,5.0,4.995,22708000000.0,9.289,1.0,0.39399999999999996,743989000000.0,712061250000.0,553678235407.0,0.249,6.801,6.818,1.692,1.692,1.3030000000000002,0.149,133.861,0.0,0.105,0.207,0.325,704796000000.0,288.32,
191,2019-12-31,XOM,0.737,359719000000.0,45.295,0.782,0.8540000000000001,0.049,39450000000.0,39450000000.0,0.149,19622000000.0,191041000000.0,337041581285.0,16.0,8.544,5355000000.0,1.266,1.0,0.342,342439000000.0,334155250000.0,295246581285.0,0.054000000000000006,20.589000000000002,20.768,1.114,1.114,1.541,0.061,62.617,1.021,0.04,0.075,0.077,362597000000.0,85.698,-13937000000.0
51,2019-12-31,GOOGL,0.622,260350750000.0,292.077,3.3739999999999997,0.37,0.0,51406000000.0,51406000000.0,0.318,39625000000.0,193018750000.0,921476472316.0,23.0,17.925,30972000000.0,44.907,1.0,0.556,204355000000.0,196601500000.0,923760472316.0,0.212,26.898000000000003,27.009,5.707000000000001,5.707000000000001,4.586,0.20199999999999999,234.68200000000002,0.0,0.132,0.17800000000000002,0.245,253306000000.0,367.277,107357000000.0
111,2019-12-31,KO,0.423,88039250000.0,4.439,0.757,3.4389999999999996,0.028999999999999998,13032000000.0,13032000000.0,0.35,10721000000.0,18402500000.0,270090597717.0,23.0,20.725,9395000000.0,2.197,1.0,0.608,67458000000.0,70155000000.0,237146597717.0,0.239,26.586,26.483,6.351,6.364,12.494000000000002,0.166,8.715,0.7659999999999999,0.10099999999999999,0.485,0.313,59615000000.0,13.942,-6562000000.0
101,2019-12-31,JPM,0.042,2729151750000.0,81.12100000000001,,9.283,0.024,51124000000.0,51124000000.0,0.442,42756000000.0,262182500000.0,773759998406.0,18.0,15.135,6046000000.0,1.8769999999999998,1.0,1.0,2886500000000.0,2964097250000.0,437225998406.0,0.3,12.620999999999999,12.967,3.884,3.781,1.673,0.013999999999999999,35.891999999999996,0.307,0.013000000000000001,0.132,0.37,2634038000000.0,817.643,
121,2019-12-31,MA,0.653,25867000000.0,5.794,1.42,3.945,0.004,10477000000.0,10477000000.0,0.621,9731000000.0,5254500000.0,302697610093.0,30.0,28.892,7455000000.0,7.33,1.0,1.0,12063000000.0,10998000000.0,301236610093.0,0.48100000000000004,37.107,37.417,17.986,17.843,51.118,0.905,16.601,0.165,0.314,1.545,0.59,23798000000.0,23.4,4998000000.0
11,2019-12-31,AMZN,1.4140000000000001,198450000000.0,125.62799999999999,1.097,2.63,0.0,37351000000.0,37351000000.0,0.133,13962000000.0,55009750000.0,952428935005.0,61.0,25.499000000000002,25825000000.0,52.277,1.0,0.41,149795000000.0,143568250000.0,916153935005.0,0.040999999999999995,79.061,78.766,3.2539999999999996,3.266,14.762,0.10800000000000001,567.8580000000001,0.0,0.057999999999999996,0.21100000000000002,0.055,210494000000.0,426.101,8522000000.0
141,2019-12-31,PFE,0.319,162388750000.0,11.338,0.879,1.6480000000000001,0.037000000000000005,23667000000.0,23667000000.0,0.457,17657000000.0,61655000000.0,266702914222.0,15.0,11.269,9994000000.0,1.795,1.0,0.8029999999999999,87007000000.0,84264250000.0,216826914222.0,0.314,13.324000000000002,13.418,4.216,4.19,3.4339999999999997,0.21,9.293,0.493,0.1,0.264,0.341,73466000000.0,13.192,-4501000000.0
131,2019-12-31,MSFT,0.483,277896500000.0,14.448,2.801,1.568,0.012,61877000000.0,61877000000.0,0.461,49853000000.0,103341000000.0,1142580645960.0,23.0,18.465,40580000000.0,5.325,1.0,0.677,116307000000.0,111464500000.0,1203062645960.0,0.33,27.143,27.19,8.952,8.961,10.925999999999998,0.447,17.616,0.326,0.159,0.429,0.371,233420000000.0,30.629,107434000000.0
151,2019-12-31,PG,0.602,115637250000.0,17.455,0.627,1.4340000000000002,0.024,10384000000.0,10384000000.0,0.149,7003000000.0,49005750000.0,331686124795.0,45.0,31.941999999999997,12951000000.0,4.9239999999999995,1.0,0.498,63420000000.0,55684250000.0,311477124795.0,0.069,64.702,68.626,4.72,4.476,6.785,0.134,26.461,1.624,0.042,0.098,0.107,71725000000.0,27.271,-11247000000.0
161,2019-12-31,T,0.33,548940750000.0,25.218000000000004,0.795,1.8980000000000001,0.052000000000000005,54035000000.0,54035000000.0,0.298,17396000000.0,184159750000.0,466355400000.0,18.0,8.631,29233000000.0,4.002,1.0,0.536,367066000000.0,372803750000.0,285479400000.0,0.077,20.538,20.568,1.5759999999999998,1.5759999999999998,1.55,0.069,24.804000000000002,1.074,0.025,0.075,0.142,263156000000.0,36.024,-14150000000.0
71,2019-12-31,IBM,0.525,146846000000.0,23.49,1.0190000000000001,6.295,0.048,17565000000.0,17565000000.0,0.228,10162000000.0,18230750000.0,179979844334.0,16.0,10.247,12400000000.0,13.975999999999999,1.0,0.473,100873000000.0,100154500000.0,118710844334.0,0.122,12.587,12.61,1.5419999999999998,1.5390000000000001,5.696000000000001,0.115,86.95200000000001,0.605,0.064,0.517,0.149,78729000000.0,88.735,719000000.0
40,2020-01-31,CRM,0.39899999999999997,42889500000.0,40.875,1.075,0.627,0.0,2841000000.0,2841000000.0,0.166,706000000.0,25194000000.0,163934970000.0,232.0,57.703,3688000000.0,4.449,1.0,0.752,11567000000.0,10577250000.0,161708970000.0,0.006999999999999999,1283.405,1215.4,8.839,9.458,4.772,0.067,20.625,0.0,0.003,0.005,0.040999999999999995,24689000000.0,29.781999999999996,1118000000.0
180,2020-01-31,WMT,2.2159999999999997,236432500000.0,26.2,0.795,2.075,0.019,33382000000.0,33382000000.0,0.064,19796000000.0,71212500000.0,392170158423.0,18.0,11.748,14871000000.0,5.218,1.0,0.247,190600000000.0,190309000000.0,324828158423.0,0.027999999999999997,21.828000000000003,21.933000000000003,0.623,0.62,4.35,0.11800000000000001,183.847,0.406,0.063,0.209,0.043,205422000000.0,72.078,-15984000000.0
60,2020-02-02,HD,2.129,51767500000.0,-2.8510000000000004,1.078,-17.442999999999998,0.024,18139000000.0,18139000000.0,0.165,14715000000.0,-1875250000.0,281676555662.0,18.0,15.529000000000002,11082000000.0,10.139,1.0,0.341,65851000000.0,63498000000.0,248818555662.0,0.102,22.133000000000003,22.166999999999998,2.262,2.2569999999999997,-79.852,0.25,100.846,0.529,0.217,-5.995,0.14400000000000002,48982000000.0,44.81399999999999,1435000000.0
110,2020-03-27,KO,0.41600000000000004,89455750000.0,4.234,0.872,4.085,0.038,13862000000.0,13862000000.0,0.373,11511000000.0,18508250000.0,218482718428.0,18.0,15.761,9354000000.0,2.181,1.0,0.607,68897000000.0,68693250000.0,183666718428.0,0.26899999999999996,18.336,18.217,4.939,4.941,10.115,0.18100000000000002,8.667,0.685,0.11199999999999999,0.541,0.33399999999999996,66175000000.0,15.429,-4163000000.0
80,2020-03-28,INTC,0.552,137190250000.0,17.898,1.7369999999999999,0.935,0.024,37144000000.0,37144000000.0,0.49,26125000000.0,75761750000.0,248793490000.0,10.0,6.6979999999999995,18184000000.0,4.263,1.0,0.595,115649000000.0,104166750000.0,223986490000.0,0.3,9.852,10.033,2.95,2.958,2.9339999999999997,0.249,17.752,0.244,0.166,0.3,0.342,111005000000.0,26.021,17606000000.0
0,2020-03-28,AAPL,0.8109999999999999,330443250000.0,17.987000000000002,1.496,3.085,0.012,78805000000.0,78805000000.0,0.294,67091000000.0,88725000000.0,1152502415200.0,17.0,14.625,66636000000.0,15.283,1.0,0.381,293639000000.0,295760250000.0,1083981415200.0,0.214,18.945999999999998,19.249000000000002,4.031000000000001,4.045,13.822000000000001,0.22699999999999998,61.461999999999996,0.239,0.17300000000000001,0.645,0.25,320400000000.0,73.485,47659000000.0
140,2020-03-29,PFE,0.307,165117500000.0,11.727,1.025,1.5530000000000002,0.047,22899000000.0,22899000000.0,0.452,17216000000.0,63210000000.0,222267045254.0,13.0,9.706,11552000000.0,2.083,1.0,0.799,89617000000.0,86249000000.0,171422045254.0,0.312,10.856,10.88,3.3819999999999997,3.384,2.636,0.2,9.136000000000001,0.514,0.096,0.25,0.34,73370000000.0,13.232000000000001,848000000.0
90,2020-03-29,JNJ,0.531,155845750000.0,23.273000000000003,1.3130000000000002,1.5290000000000001,0.031,26651000000.0,26651000000.0,0.322,19415000000.0,59940000000.0,334532404661.0,17.0,12.552,19764000000.0,7.504,1.0,0.662,52572000000.0,52862250000.0,324141404661.0,0.207,18.883,18.919,3.9210000000000003,3.918,5.287999999999999,0.37200000000000005,31.412,0.584,0.11,0.28600000000000003,0.23800000000000002,74208000000.0,28.176,10537000000.0
190,2020-03-31,XOM,0.716,359622750000.0,43.022,0.7759999999999999,0.9179999999999999,0.092,36435000000.0,36435000000.0,0.142,15291000000.0,188755250000.0,204527282550.0,13.0,5.6129999999999995,2545000000.0,0.601,1.0,0.336,339231000000.0,337514000000.0,160696282550.0,0.044000000000000004,14.120999999999999,14.220999999999998,0.624,0.624,0.883,0.048,60.836000000000006,1.3030000000000002,0.032,0.06,0.063,355804000000.0,84.071,-14524000000.0
20,2020-03-31,BA,0.527,133889750000.0,-17.079,1.175,-15.772,0.055,-2915000000.0,-2915000000.0,-0.040999999999999995,-6082000000.0,-6930000000.0,101738466659.0,-19.0,-34.902,-11015000000.0,-19.465,1.0,0.005,61148000000.0,45045000000.0,83921466659.0,-0.048,-24.589000000000002,-24.733,1.196,1.19,-8.683,-0.11599999999999999,124.669,-1.3630000000000002,-0.025,0.49200000000000005,-0.07400000000000001,131762000000.0,232.83599999999998,16509000000.0
160,2020-03-31,T,0.327,548183250000.0,24.736,0.7559999999999999,1.9680000000000002,0.07,54721000000.0,54721000000.0,0.305,18189000000.0,182326500000.0,381910570640.0,14.0,6.979,27230000000.0,3.7889999999999997,1.0,0.5379999999999999,366424000000.0,369768750000.0,209089570640.0,0.08,14.538,14.797,1.169,1.167,1.176,0.07200000000000001,24.926,1.041,0.026000000000000002,0.079,0.14800000000000002,260230000000.0,36.208,-17000000000.0
150,2020-03-31,PG,0.612,114859000000.0,17.58,0.825,1.581,0.027000000000000003,10652000000.0,10652000000.0,0.151,7214000000.0,46603000000.0,293498817240.0,38.0,27.553,13519000000.0,5.172999999999999,1.0,0.499,66665000000.0,60289000000.0,271639817240.0,0.071,54.481,57.895,4.086,3.861,5.912999999999999,0.127,26.918000000000003,1.571,0.043,0.107,0.109,78943000000.0,30.208000000000002,-5756000000.0
130,2020-03-31,MSFT,0.489,283438500000.0,15.062000000000001,2.904,1.493,0.012,64426000000.0,64426000000.0,0.465,52210000000.0,108250250000.0,1142076673950.0,22.0,17.727,43362000000.0,5.704,1.0,0.682,114055000000.0,113250750000.0,1199549673950.0,0.33399999999999996,25.927,26.025,8.644,8.649,10.475999999999999,0.461,18.245,0.32,0.163,0.42700000000000005,0.376,236530000000.0,31.114,111798000000.0
120,2020-03-31,MA,0.615,27649000000.0,5.371,1.8659999999999999,4.659,0.006,10311000000.0,10311000000.0,0.606,9515000000.0,5312000000.0,242963121344.0,25.0,23.563000000000002,7935000000.0,7.896,1.0,1.0,16160000000.0,12862250000.0,242794121344.0,0.46799999999999997,30.544,30.772,14.277999999999999,14.279000000000002,44.979,0.759,16.918,0.177,0.287,1.496,0.574,25131000000.0,25.006,8411000000.0
100,2020-03-31,JPM,0.040999999999999995,2829712500000.0,84.39200000000001,,11.015999999999998,0.038,43158000000.0,43158000000.0,0.376,34631000000.0,262538750000.0,529212114738.0,15.0,12.262,-33846000000.0,-10.933,1.0,1.0,3304490000000.0,3048897000000.0,276750114738.0,0.247,9.772,10.127,2.4290000000000003,2.412,1.0590000000000002,0.011000000000000001,37.068000000000005,0.382,0.01,0.10800000000000001,0.302,3087564000000.0,997.34,
70,2020-03-31,IBM,0.502,152465250000.0,22.521,0.9570000000000001,6.664,0.057999999999999996,15938000000.0,15938000000.0,0.20800000000000002,8231000000.0,19110250000.0,158396101991.0,16.0,9.937999999999999,11994000000.0,13.507,1.0,0.475,98630000000.0,102205250000.0,98551101991.0,0.11800000000000001,10.932,10.908,1.287,1.288,4.928,0.095,86.19,0.637,0.059000000000000004,0.47200000000000003,0.127,81220000000.0,91.464,-1742000000.0
50,2020-03-31,GOOGL,0.623,267364250000.0,296.323,3.658,0.342,0.0,51512000000.0,51512000000.0,0.309,39236000000.0,198065500000.0,794862072276.0,20.0,15.431,29022000000.0,42.227,1.0,0.551,206488000000.0,202334250000.0,798592072276.0,0.207,23.133000000000003,23.258000000000003,4.791,4.791,3.9210000000000003,0.19399999999999998,242.515,0.0,0.129,0.174,0.235,250829000000.0,364.95599999999996,106829000000.0
30,2020-03-31,BRK,0.303,781691750000.0,152.365,,1.037,0.0,25873000000.0,25873000000.0,0.109,11647000000.0,394127250000.0,485052902285.0,31.0,18.747,22112000000.0,9.067,1.0,0.161,709689000000.0,715160500000.0,445859902285.0,0.042,44.541000000000004,46.053000000000004,1.88,1.88,1.2,0.022000000000000002,97.272,0.0,0.013000000000000001,0.025,0.066,648096000000.0,265.759,
170,2020-03-31,V,0.32899999999999996,72606000000.0,17.654,1.249,1.1059999999999999,0.006999999999999999,16568000000.0,16568000000.0,0.6940000000000001,15380000000.0,34883500000.0,322485121395.0,20.0,19.464000000000002,11918000000.0,6.084,1.0,0.847,21000000000.0,22677000000.0,316199121395.0,0.523,25.331999999999997,28.978,13.215,13.238,9.142999999999999,0.6990000000000001,12.192,0.198,0.172,0.358,0.664,30054000000.0,15.342,3965000000.0
10,2020-03-31,AMZN,1.416,209234000000.0,131.06799999999998,1.079,2.3890000000000002,0.0,36776000000.0,36776000000.0,0.124,12843000000.0,59225250000.0,997703978876.0,69.0,27.129,24337000000.0,48.869,1.0,0.406,163324000000.0,151104000000.0,970590978876.0,0.036000000000000004,91.895,91.493,3.2769999999999997,3.2760000000000002,14.87,0.096,594.9259999999999,0.0,0.05,0.17800000000000002,0.049,206499000000.0,414.657,6274000000.0
