,Ticker,Date, Close/Last, Volume, Open, High, Low,Unnamed: 0
0,LUV,2020-05-22,28.87,17558230,29.76,29.98,28.31,
1,LUV,2020-05-21,29.6,22166520,29.31,30.12,29.02,
2,LUV,2020-05-20,29.15,27248980,28.47,29.33,28.1724,
3,LUV,2020-05-19,27.69,35768210,28.5,28.85,26.9301,
4,LUV,2020-05-18,27.09,27200460,25.75,27.24,25.55,
5,LUV,2020-05-15,23.87,18679790,24.37,24.87,23.75,
6,LUV,2020-05-14,24.78,23187180,23.38,24.81,22.465,
7,LUV,2020-05-13,24.0,22892450,25.02,25.1,23.52,
8,LUV,2020-05-12,25.24,16904410,26.19,26.62,25.14,
9,LUV,2020-05-11,26.09,20841480,26.62,26.86,25.78,
10,LUV,2020-05-08,27.2,19156090,26.04,27.23,25.91,
11,LUV,2020-05-07,25.45,24535910,24.99,26.27,24.95,
12,LUV,2020-05-06,24.93,36971840,26.55,26.74,24.77,
13,LUV,2020-05-05,26.42,36676880,28.07,28.13,26.175,
14,LUV,2020-05-04,27.56,43447680,27.23,27.94,26.5,
15,LUV,2020-05-01,29.23,36353790,30.5,30.955,28.75,
16,LUV,2020-04-30,31.25,62444660,30.71,31.69,30.18,
17,LUV,2020-04-29,30.97,101007800,29.49,31.795,29.43,
18,LUV,2020-04-28,29.69,54153870,29.12,30.48,28.25,
19,LUV,2020-04-27,29.11,14224470,29.79,29.91,28.85,
20,LUV,2020-04-24,29.33,15157120,30.2,30.43,28.8,
21,LUV,2020-04-23,30.14,11631590,29.81,30.775,29.59,
22,LUV,2020-04-22,29.71,15697220,30.63,30.81,28.8,
23,LUV,2020-04-21,30.11,12562700,30.05,31.23,29.6,
24,LUV,2020-04-20,31.06,14553900,30.64,31.48,29.51,
25,LUV,2020-04-17,31.19,20139900,32.5,32.95,30.9,
26,LUV,2020-04-16,30.68,17862320,32.12,32.35,30.2,
27,LUV,2020-04-15,32.82,20028660,35.15,35.26,32.52,
28,LUV,2020-04-14,34.78,8860162,35.17,36.05,34.71,
29,LUV,2020-04-13,34.26,9067547,36.72,36.72,33.75,
30,LUV,2020-04-09,36.47,10383690,36.3,37.31,35.13,
31,LUV,2020-04-08,34.3,8923805,33.56,34.78,32.63,
32,LUV,2020-04-07,32.77,14036120,33.84,35.43,32.32,
33,LUV,2020-04-06,30.7,13832960,31.79,31.96,30.0,
34,LUV,2020-04-03,30.54,9915912,31.33,31.88,29.73,
35,LUV,2020-04-02,31.5,7853467,32.11,32.84,30.87,
36,LUV,2020-04-01,32.04,8545871,34.05,34.2,31.81,
37,LUV,2020-03-31,35.61,7801069,35.27,37.47,34.95,
38,LUV,2020-03-30,35.1,7443313,35.52,37.15,34.5,
39,LUV,2020-03-27,36.38,8297372,39.84,40.135,36.1,
40,LUV,2020-03-26,41.23,8990799,40.9,43.56,40.06,
41,LUV,2020-03-25,39.4,16346740,41.52,41.7262,37.31,
42,LUV,2020-03-24,37.66,12803070,38.2,39.13,36.05,
43,LUV,2020-03-23,33.73,9616821,31.69,34.49,30.25,
44,LUV,2020-03-20,31.94,12617850,32.06,33.95,29.65,
45,LUV,2020-03-19,30.86,18052640,34.65,35.05,30.5,
46,LUV,2020-03-18,35.15,14219630,35.78,36.42,29.15,
47,LUV,2020-03-17,38.25,8133512,38.21,40.69,36.0,
48,LUV,2020-03-16,37.52,15849920,36.5,39.45,35.85,
49,LUV,2020-03-13,41.28,14308770,39.19,41.28,36.31,
50,LUV,2020-03-12,36.07,16353390,39.33,40.6,35.6101,
51,LUV,2020-03-11,42.49,10512430,43.99,44.38,41.63,
52,LUV,2020-03-10,45.56,9366888,45.28,45.85,42.51,
53,LUV,2020-03-09,43.62,9602323,42.89,45.61,42.72,
54,LUV,2020-03-06,45.73,10708130,43.56,46.8,42.72,
55,LUV,2020-03-05,45.25,10774800,45.06,45.7,44.18,
56,LUV,2020-03-04,46.93,8990316,45.89,47.065,44.855,
57,LUV,2020-03-03,45.21,7338136,47.54,48.3934,45.05,
58,LUV,2020-03-02,46.95,9043193,46.54,47.18,44.34,
59,LUV,2020-02-28,46.19,11854050,45.07,46.77,44.98,
60,LUV,2020-02-27,46.63,10355850,47.15,49.2057,45.64,
61,LUV,2020-02-26,48.9,9289924,50.09,50.48,48.08,
62,LUV,2020-02-25,49.66,9351708,54.41,54.5,49.55,
63,LUV,2020-02-24,54.11,7538409,54.87,54.99,53.3529,
64,LUV,2020-02-21,56.53,2324591,56.53,56.8,55.46,
65,LUV,2020-02-20,56.94,2924965,57.04,57.51,56.71,
66,LUV,2020-02-19,57.11,2135139,57.68,57.74,57.06,
67,LUV,2020-02-18,57.6,3086560,58.0,58.34,57.38,
68,LUV,2020-02-14,57.97,2481776,58.68,58.83,57.89,
69,LUV,2020-02-13,58.54,2401816,58.06,58.685,57.845,
70,LUV,2020-02-12,58.48,2234541,58.27,58.655,58.0,
71,LUV,2020-02-11,57.93,2848551,57.82,58.585,57.59,
72,LUV,2020-02-10,57.42,2882148,57.2,57.49,56.53,
73,LUV,2020-02-07,57.26,2703562,57.46,57.71,56.99,
74,LUV,2020-02-06,57.72,4332037,57.38,58.01,57.075,
75,LUV,2020-02-05,56.95,3162737,56.43,57.23,56.12,
76,LUV,2020-02-04,55.68,3619435,55.99,56.365,55.5,
77,LUV,2020-02-03,55.22,4071269,55.41,55.734,54.69,
78,LUV,2020-01-31,54.98,5552350,55.62,55.92,54.63,
79,LUV,2020-01-30,55.83,5129592,55.31,56.47,55.22,
80,LUV,2020-01-29,56.89,6667193,57.75,58.1902,56.82,
81,LUV,2020-01-28,57.6,6242279,56.59,57.73,56.39,
82,LUV,2020-01-27,56.25,8275105,55.23,56.66,55.15,
83,LUV,2020-01-24,56.55,7995110,55.61,56.56,54.96,
84,LUV,2020-01-23,55.4,6784753,53.0,55.46,51.85,
85,LUV,2020-01-22,53.48,5303646,53.9,54.28,53.46,
86,LUV,2020-01-21,53.54,6753491,54.63,55.07,53.18,
87,LUV,2020-01-17,55.01,3999891,55.41,55.49,54.76,
88,LUV,2020-01-16,55.3,2950482,55.38,55.68,55.075,
89,LUV,2020-01-15,55.03,4097508,54.29,55.095,54.115,
90,LUV,2020-01-14,54.49,5007384,54.58,55.175,54.34,
91,LUV,2020-01-13,53.99,3958671,53.94,54.075,53.605,
92,LUV,2020-01-10,53.94,4051370,54.35,54.4,53.69,
93,LUV,2020-01-09,54.3,3850898,54.5,54.82,54.2,
94,LUV,2020-01-08,54.37,4103073,53.68,54.66,53.64,
95,LUV,2020-01-07,54.29,2999946,54.33,54.4,53.88,
96,LUV,2020-01-06,54.13,4200277,53.69,54.56,53.48,
97,LUV,2020-01-03,54.35,3536078,53.6,54.42,53.04,
98,LUV,2020-01-02,54.84,3508411,54.38,54.87,54.285,
99,LUV,2019-12-31,53.98,2881102,54.04,54.12,53.82,
100,LUV,2019-12-30,54.08,2696286,54.32,54.4,53.82,
101,LUV,2019-12-27,54.32,3348246,54.97,55.0,54.06,
102,LUV,2019-12-26,54.9,1930797,54.94,55.34,54.6,
103,LUV,2019-12-24,54.94,1326390,55.27,55.3235,54.67,
104,LUV,2019-12-23,55.25,7845761,54.81,56.09,54.67,
105,LUV,2019-12-20,54.63,7820050,54.28,54.7,54.01,
106,LUV,2019-12-19,54.08,3833839,53.51,54.2,53.51,
107,LUV,2019-12-18,53.6,3930633,54.35,54.54,53.425,
108,LUV,2019-12-17,54.18,3966128,54.3,55.11,54.02,
109,LUV,2019-12-16,54.35,3294340,54.55,54.925,54.335,
110,LUV,2019-12-13,54.15,2705406,54.34,54.85,54.13,
111,LUV,2019-12-12,54.49,4054921,54.46,55.42,54.16,
112,LUV,2019-12-11,54.0,4881540,54.54,54.85,53.81,
113,LUV,2019-12-10,54.91,2785028,55.29,55.58,54.755,
114,LUV,2019-12-09,55.47,2601912,55.81,55.94,55.4101,
115,LUV,2019-12-06,55.94,2257048,55.82,56.27,55.77,
116,LUV,2019-12-05,55.53,2791748,56.05,56.18,55.49,
117,LUV,2019-12-04,55.78,3379706,56.08,56.55,55.76,
118,LUV,2019-12-03,55.93,3679313,56.2,56.34,55.62,
119,LUV,2019-12-02,56.72,2977369,57.6,57.8,56.7,
120,LUV,2019-11-29,57.64,1098366,57.75,57.95,57.465,
121,LUV,2019-11-27,57.75,1627596,57.67,57.95,57.39,
122,LUV,2019-11-26,57.59,2666472,57.78,57.89,57.12,
123,LUV,2019-11-25,57.56,2076445,57.2,57.77,56.84,
124,LUV,2019-11-22,57.01,1530338,56.81,57.12,56.6,
125,LUV,2019-11-21,56.59,2125969,56.85,57.07,56.54,
126,LUV,2019-11-20,56.83,3125779,57.33,57.485,56.26,
127,LUV,2019-11-19,57.55,2103575,57.99,58.05,57.2968,
128,LUV,2019-11-18,57.78,2205234,57.68,57.8,57.195,
129,LUV,2019-11-15,57.79,1647684,57.89,58.15,57.68,
130,LUV,2019-11-14,57.63,1901429,57.24,57.72,57.08,
131,LUV,2019-11-13,57.59,1949389,57.6,57.8401,57.45,
132,LUV,2019-11-12,57.85,1936039,58.34,58.41,57.665,
133,LUV,2019-11-11,58.26,3172672,58.01,58.295,57.2,
134,LUV,2019-11-08,58.18,2520613,58.2,58.35,57.8892,
135,LUV,2019-11-07,58.24,2860871,58.0,58.495,57.86,
136,LUV,2019-11-06,57.86,2649222,57.9,57.9,57.04,
137,LUV,2019-11-05,57.88,2897927,57.16,57.98,57.01,
138,LUV,2019-11-04,56.98,2368009,56.53,56.99,56.37,
139,LUV,2019-11-01,56.26,2364459,56.34,56.37,55.85,
140,LUV,2019-10-31,56.13,2555208,56.55,56.64,55.73,
141,LUV,2019-10-30,57.04,2280459,57.19,57.27,56.48,
142,LUV,2019-10-29,57.21,3074838,57.61,57.9,57.145,
143,LUV,2019-10-28,57.64,5439364,56.92,57.82,56.83,
144,LUV,2019-10-25,56.74,4044002,56.07,56.8,55.73,
145,LUV,2019-10-24,56.29,10544350,54.2,57.1,54.0,
146,LUV,2019-10-23,53.24,5051720,52.93,53.41,52.66,
147,LUV,2019-10-22,52.92,5636188,53.12,53.51,52.29,
148,LUV,2019-10-21,53.23,6857686,54.31,54.31,53.14,
149,LUV,2019-10-18,53.48,7672894,53.87,54.72,53.45,
150,LUV,2019-10-17,53.86,3885213,54.05,54.21,53.69,
151,LUV,2019-10-16,53.67,4425752,54.16,54.6,53.655,
152,LUV,2019-10-15,54.16,3545529,53.99,54.78,53.65,
153,LUV,2019-10-14,54.03,1954963,53.72,54.3,53.72,
154,LUV,2019-10-11,53.92,3067811,54.37,54.61,53.88,
155,LUV,2019-10-10,53.67,2860376,52.7,53.84,52.6,
156,LUV,2019-10-09,53.49,3717760,53.57,54.14,53.13,
157,LUV,2019-10-08,53.03,3753307,52.73,53.715,52.41,
158,LUV,2019-10-07,53.04,2801296,53.0,53.45,52.78,
159,LUV,2019-10-04,52.79,2871283,52.16,52.99,52.16,
160,LUV,2019-10-03,52.26,4533526,52.04,52.44,51.26,
161,LUV,2019-10-02,52.04,5532440,52.72,53.0,51.19,
162,LUV,2019-10-01,53.37,4234103,54.29,54.9,53.29,
163,LUV,2019-09-30,54.01,3842700,54.4,54.69,53.73,
164,LUV,2019-09-27,54.34,3162195,54.9,55.17,54.06,
165,LUV,2019-09-26,54.58,2558808,54.87,55.18,54.44,
166,LUV,2019-09-25,54.82,2120577,54.76,55.34,54.52,
167,LUV,2019-09-24,54.73,3429240,54.94,55.18,54.07,
168,LUV,2019-09-23,54.48,3244157,54.35,54.76,53.96,
169,LUV,2019-09-20,54.49,7081985,55.16,55.44,54.27,
170,LUV,2019-09-19,55.08,4070728,56.09,56.21,55.06,
171,LUV,2019-09-18,56.23,4517418,55.7,56.49,55.6,
172,LUV,2019-09-17,55.73,4281421,55.25,56.28,55.21,
173,LUV,2019-09-16,55.81,4727300,54.39,55.86,54.06,
174,LUV,2019-09-13,55.79,4400799,55.98,56.3524,55.65,
175,LUV,2019-09-12,54.98,2963452,54.79,55.465,54.3,
176,LUV,2019-09-11,54.71,5496018,53.47,54.86,53.04,
177,LUV,2019-09-10,53.38,3196232,53.29,53.63,52.88,
178,LUV,2019-09-09,53.08,3127554,52.14,53.295,51.82,
179,LUV,2019-09-06,52.14,2773605,52.75,53.15,52.08,
180,LUV,2019-09-05,52.52,3236445,52.6,53.13,52.44,
181,LUV,2019-09-04,52.1,3166998,51.83,52.29,51.01,
182,LUV,2019-09-03,51.38,4297988,51.89,52.24,50.91,
183,LUV,2019-08-30,52.32,3274715,52.6,53.19,52.18,
184,LUV,2019-08-29,52.3,3851890,51.66,52.39,51.605,
185,LUV,2019-08-28,51.16,2614885,50.24,51.52,50.12,
186,LUV,2019-08-27,50.49,2519088,50.97,51.12,50.19,
187,LUV,2019-08-26,50.69,3608750,50.94,51.16,50.24,
188,LUV,2019-08-23,50.56,4692193,50.95,51.94,50.23,
189,LUV,2019-08-22,51.19,3472220,50.81,51.57,50.66,
190,LUV,2019-08-21,50.59,2097666,50.41,50.89,50.35,
191,LUV,2019-08-20,50.02,2296956,50.45,50.47,49.73,
192,LUV,2019-08-19,50.64,3540089,50.33,50.95,50.3,
193,LUV,2019-08-16,49.79,2997225,48.7,50.01,48.55,
194,LUV,2019-08-15,48.21,2935637,48.91,49.04,48.0896,
195,LUV,2019-08-14,48.76,3654190,49.42,49.44,48.22,
196,LUV,2019-08-13,49.92,3242337,49.4,50.95,49.36,
197,LUV,2019-08-12,50.05,2112122,50.02,50.15,49.54,
198,LUV,2019-08-09,50.45,2594292,50.23,50.76,50.0615,
199,LUV,2019-08-08,50.49,3673345,50.24,50.8,49.91,
200,LUV,2019-08-07,49.93,3592429,49.18,50.165,48.77,
201,LUV,2019-08-06,49.71,3234929,49.39,49.79,49.05,
202,LUV,2019-08-05,48.96,5156510,50.0,50.0,48.4,
203,LUV,2019-08-02,50.62,3142474,50.84,50.97,50.25,
204,LUV,2019-08-01,50.96,4588143,51.53,52.28,50.42,
205,LUV,2019-07-31,51.53,4985480,52.55,52.71,51.3946,
206,LUV,2019-07-30,52.55,2794398,52.55,52.8,52.15,
207,LUV,2019-07-29,52.88,3785900,53.15,53.69,52.69,
208,LUV,2019-07-26,53.25,5835404,54.86,54.86,53.14,
209,LUV,2019-07-25,54.91,8684152,53.33,55.94,52.41,
210,LUV,2019-07-24,54.72,4756563,54.0,54.94,53.85,
211,LUV,2019-07-23,54.12,3399875,52.75,54.25,52.73,
212,LUV,2019-07-22,52.68,3567169,52.31,53.095,52.27,
213,LUV,2019-07-19,52.02,4285522,52.53,52.9349,52.0,
214,LUV,2019-07-18,52.44,2969491,52.17,52.73,51.9,
215,LUV,2019-07-17,52.3,3712772,53.13,53.13,52.265,
216,LUV,2019-07-16,53.28,3601093,52.28,53.785,52.28,
217,LUV,2019-07-15,52.26,3191442,52.35,53.0,52.18,
218,LUV,2019-07-12,52.51,2643132,52.0,52.81,51.82,
219,LUV,2019-07-11,51.84,2094558,52.17,52.23,51.77,
220,LUV,2019-07-10,51.86,3223980,51.91,52.34,51.72,
221,LUV,2019-07-09,51.69,3122088,51.71,52.24,51.47,
222,LUV,2019-07-08,52.08,3164718,51.6,52.29,51.41,
223,LUV,2019-07-05,51.88,2113246,51.85,52.25,51.46,
224,LUV,2019-07-03,51.89,2716995,51.77,52.23,51.58,
225,LUV,2019-07-02,51.43,2909522,51.91,52.25,51.03,
226,LUV,2019-07-01,51.54,3352178,51.2,51.83,51.045,
227,LUV,2019-06-28,50.78,5965414,50.96,51.18,50.65,
228,LUV,2019-06-27,50.74,3856748,50.76,51.47,50.5,
229,LUV,2019-06-26,50.7,3847570,51.07,51.38,50.35,
230,LUV,2019-06-25,51.0,2953988,51.12,51.61,50.955,
231,LUV,2019-06-24,51.22,2384179,51.46,51.5,50.91,
232,LUV,2019-06-21,51.25,4733668,51.52,51.99,51.12,
233,LUV,2019-06-20,51.52,3884333,51.82,51.905,51.03,
234,LUV,2019-06-19,51.51,3903733,52.0,52.1,50.89,
235,LUV,2019-06-18,51.7,3068900,51.43,52.46,51.16,
236,LUV,2019-06-17,51.18,2811221,51.61,51.7,51.07,
237,LUV,2019-06-14,51.82,2535282,52.54,52.59,51.3758,
238,LUV,2019-06-13,52.38,4241808,51.11,52.75,51.07,
239,LUV,2019-06-12,50.81,2572791,50.59,51.11,50.42,
240,LUV,2019-06-11,50.58,2949035,50.56,51.136,50.27,
241,LUV,2019-06-10,50.3,3016632,50.85,51.33,50.28,
242,LUV,2019-06-07,50.37,2032364,50.16,50.96,50.08,
243,LUV,2019-06-06,49.98,2385921,50.25,50.5,49.54,
244,LUV,2019-06-05,50.22,4456206,49.59,50.29,49.4,
245,LUV,2019-06-04,48.95,6212733,48.24,49.22,48.17,
246,LUV,2019-06-03,47.79,5231218,47.6,48.35,47.395,
247,LUV,2019-05-31,47.6,5193949,48.91,49.01,47.441,
248,LUV,2019-05-30,49.39,2792344,49.57,49.89,49.06,
249,LUV,2019-05-29,49.56,3703345,50.15,50.15,49.105,
250,LUV,2019-05-28,50.03,3446591,50.73,50.93,49.985,
251,LUV,2019-05-24,51.15,2311899,51.11,51.56,50.88,
0,DAL,2019-05-22,54.06,3616690,54.49,54.84,53.89,252.0
1,DAL,2019-05-23,54.0,5279103,53.65,54.75,53.24,251.0
2,DAL,2019-05-24,54.12,2503194,54.42,54.62,53.71,250.0
3,DAL,2019-05-28,53.88,3454118,54.14,54.63,53.87,249.0
4,DAL,2019-05-29,53.21,3929675,53.75,53.75,52.81,248.0
5,DAL,2019-05-30,53.03,3775210,53.38,53.8,52.87,247.0
6,DAL,2019-05-31,51.5,5615106,52.47,52.8,51.3094,246.0
7,DAL,2019-06-03,52.1,7244631,51.48,52.7,51.41,245.0
8,DAL,2019-06-04,54.31,7619264,52.85,54.365,52.82,244.0
9,DAL,2019-06-05,54.94,6379259,54.85,55.23,54.2378,243.0
10,DAL,2019-06-06,54.69,6192026,55.06,55.2214,54.36,242.0
11,DAL,2019-06-07,55.07,4234804,54.92,55.845,54.92,241.0
12,DAL,2019-06-10,54.73,3312865,55.5,55.895,54.65,240.0
13,DAL,2019-06-11,54.88,2833733,55.02,55.31,54.48,239.0
14,DAL,2019-06-12,55.45,3856327,55.05,55.48,54.9,238.0
15,DAL,2019-06-13,56.52,6300572,55.69,57.24,55.67,237.0
16,DAL,2019-06-14,55.99,4382468,56.57,56.63,55.78,236.0
17,DAL,2019-06-17,55.67,4057425,55.78,55.935,55.26,235.0
18,DAL,2019-06-18,56.03,3642521,55.95,56.52,55.46,234.0
19,DAL,2019-06-19,56.36,3196821,56.28,56.56,55.95,233.0
20,DAL,2019-06-20,55.97,5055778,56.85,56.88,55.3274,232.0
21,DAL,2019-06-21,55.99,8573677,56.0,56.86,55.555,231.0
22,DAL,2019-06-24,56.07,2896010,56.1,56.23,55.67,230.0
23,DAL,2019-06-25,55.92,3579823,56.05,56.7221,55.86,229.0
24,DAL,2019-06-26,56.38,4437735,56.07,56.81,55.84,228.0
25,DAL,2019-06-27,56.82,4375403,56.75,57.42,56.5001,227.0
26,DAL,2019-06-28,56.75,8034898,56.89,57.42,56.7,226.0
27,DAL,2019-07-01,57.79,5020562,57.3,57.9,57.25,225.0
28,DAL,2019-07-02,58.54,6838308,58.6,59.22,58.09,224.0
29,DAL,2019-07-03,59.15,3303860,59.0,59.62,58.89,223.0
30,DAL,2019-07-05,58.7,5896922,59.15,59.39,57.85,222.0
31,DAL,2019-07-08,59.37,7800583,58.9,59.67,58.84,221.0
32,DAL,2019-07-09,58.96,7870188,59.57,59.99,58.56100000000001,220.0
33,DAL,2019-07-10,59.47,7781257,59.34,59.67,58.76,219.0
34,DAL,2019-07-11,60.16,12695630,60.25,60.79,59.47,218.0
35,DAL,2019-07-12,61.65,10045660,60.23,62.24,60.02,217.0
36,DAL,2019-07-15,61.7,5889350,61.57,62.41,61.31,216.0
37,DAL,2019-07-16,63.16,10319700,61.88,63.255,61.72,215.0
38,DAL,2019-07-17,62.25,7532027,63.23,63.272,62.19,214.0
39,DAL,2019-07-18,62.66,4482528,61.77,62.66,61.64,213.0
40,DAL,2019-07-19,60.91,7903124,62.86,63.09,60.86,212.0
41,DAL,2019-07-22,61.29,4787115,61.45,61.6268,61.06,211.0
42,DAL,2019-07-23,63.09,7452209,61.45,63.11,61.27,210.0
43,DAL,2019-07-24,63.16,5718757,62.39,63.4369,62.38,209.0
44,DAL,2019-07-25,62.23,5351901,62.77,63.13,61.84,208.0
45,DAL,2019-07-26,62.16,3857912,62.25,62.66,61.913999999999994,207.0
46,DAL,2019-07-29,62.46,4972236,61.98,62.72,61.85,206.0
47,DAL,2019-07-30,62.63,2914263,62.31,62.68,62.09,205.0
48,DAL,2019-07-31,61.04,7229581,62.5,62.525,60.68,204.0
49,DAL,2019-08-01,60.32,5838036,61.31,61.77,59.77,203.0
50,DAL,2019-08-02,60.13,3739497,59.9,60.53,59.48,202.0
51,DAL,2019-08-05,57.82,8855672,59.37,59.39,57.0301,201.0
52,DAL,2019-08-06,58.79,4704848,58.49,58.9,58.09,200.0
53,DAL,2019-08-07,59.24,7648820,58.02,59.55,57.43,199.0
54,DAL,2019-08-08,60.03,5414045,59.93,60.45,59.4,198.0
55,DAL,2019-08-09,59.53,5606407,59.69,60.16,59.07,197.0
56,DAL,2019-08-12,58.66,4788269,59.07,59.2998,58.27,196.0
57,DAL,2019-08-13,58.84,6196702,58.2,59.92,58.17,195.0
58,DAL,2019-08-14,57.23,7662820,57.92,58.06,56.7,194.0
59,DAL,2019-08-15,57.11,4360437,57.47,57.7,56.78,193.0
60,DAL,2019-08-16,58.04,4226143,57.43,58.36,57.22,192.0
61,DAL,2019-08-19,58.19,3503479,58.68,59.0,58.14,191.0
62,DAL,2019-08-20,57.68,2513667,58.02,58.17,57.59,190.0
63,DAL,2019-08-21,58.01,3015696,58.25,58.57,57.85,189.0
64,DAL,2019-08-22,57.96,3437022,58.13,58.28,57.47,188.0
65,DAL,2019-08-23,56.2,5922900,57.82,58.065,55.84,187.0
66,DAL,2019-08-26,56.28,3415430,56.76,56.87,55.95,186.0
67,DAL,2019-08-27,56.14,7703233,56.63,56.68,55.57,185.0
68,DAL,2019-08-28,56.68,5264070,55.84,57.165,55.8,184.0
69,DAL,2019-08-29,57.88,4101360,57.12,58.13,57.0601,183.0
70,DAL,2019-08-30,57.86,4268962,58.15,58.86,57.59,182.0
71,DAL,2019-09-03,57.29,6602548,57.44,57.91,56.65,181.0
72,DAL,2019-09-04,57.23,4946630,57.62,58.04,56.74,180.0
73,DAL,2019-09-05,58.19,4462558,57.66,58.94,57.5501,179.0
74,DAL,2019-09-06,57.98,5741083,58.7,58.96,57.89,178.0
75,DAL,2019-09-09,58.11,5740464,57.98,58.45,57.555,177.0
76,DAL,2019-09-10,58.64,4409686,58.08,58.7227,57.8,176.0
77,DAL,2019-09-11,58.78,4163733,58.62,59.18,58.14,175.0
78,DAL,2019-09-12,59.44,5188741,58.78,59.8919,58.78,174.0
79,DAL,2019-09-13,60.01,7548427,60.0,60.58,59.61,173.0
80,DAL,2019-09-16,59.07,9556386,58.03,59.13,57.25,172.0
81,DAL,2019-09-17,59.37,8189498,58.31,59.77,58.16,171.0
82,DAL,2019-09-18,59.31,4110180,59.45,59.5,58.67,170.0
83,DAL,2019-09-19,58.69,3586202,59.25,59.25,58.305,169.0
84,DAL,2019-09-20,58.63,6179956,58.8,59.18,58.49,168.0
85,DAL,2019-09-23,58.02,4422375,58.31,58.6646,57.84,167.0
86,DAL,2019-09-24,58.0,5280085,58.62,58.91,57.56,166.0
87,DAL,2019-09-25,58.31,3300082,58.04,58.49,57.678999999999995,165.0
88,DAL,2019-09-26,58.78,3815503,58.11,58.81,57.93,164.0
89,DAL,2019-09-27,58.28,5377186,58.97,59.38,58.1645,163.0
90,DAL,2019-09-30,57.6,5224565,58.51,58.69,57.52,162.0
91,DAL,2019-10-01,57.01,8076034,58.05,58.68,56.65,161.0
92,DAL,2019-10-02,54.35,13990850,55.74,55.748999999999995,52.87,160.0
93,DAL,2019-10-03,52.83,14423340,53.12,53.86,51.81,159.0
94,DAL,2019-10-04,53.81,6667002,52.85,53.955,52.68,158.0
95,DAL,2019-10-07,53.36,8782028,53.75,54.11,53.24,157.0
96,DAL,2019-10-08,53.2,8056042,53.02,54.095,52.8897,156.0
97,DAL,2019-10-09,53.92,7703830,54.01,54.4,53.59,155.0
98,DAL,2019-10-10,53.1,26432210,51.95,53.26,51.07,154.0
99,DAL,2019-10-11,52.95,11017330,53.5,53.77,52.64,153.0
100,DAL,2019-10-14,52.99,6735434,52.05,53.195,51.97,152.0
101,DAL,2019-10-15,53.64,8643326,53.21,53.985,53.01,151.0
102,DAL,2019-10-16,53.17,5560113,53.75,54.13,53.07,150.0
103,DAL,2019-10-17,53.37,4426462,53.52,53.76,53.25,149.0
104,DAL,2019-10-18,53.83,6966783,53.19,53.99,53.18,148.0
105,DAL,2019-10-21,54.58,6754958,54.19,54.98,54.1,147.0
106,DAL,2019-10-22,54.65,5662769,54.69,54.96,54.06,146.0
107,DAL,2019-10-23,53.81,4894049,54.05,54.24,53.6,145.0
108,DAL,2019-10-24,53.79,4829637,54.3,54.66,53.48,144.0
109,DAL,2019-10-25,54.6,4412771,53.61,54.736999999999995,53.6,143.0
110,DAL,2019-10-28,55.17,3966446,54.72,55.33,54.72,142.0
111,DAL,2019-10-29,55.38,4480114,55.14,55.865,55.11,141.0
112,DAL,2019-10-30,55.32,3814080,55.36,55.4099,54.805,140.0
113,DAL,2019-10-31,55.08,7023985,55.02,55.2,54.41,139.0
114,DAL,2019-11-01,56.02,5389553,55.55,56.07,55.23,138.0
115,DAL,2019-11-04,56.88,6164353,56.75,56.97,56.4201,137.0
116,DAL,2019-11-05,57.51,6915283,57.28,58.14,57.05,136.0
117,DAL,2019-11-06,57.58,5120270,57.5,57.6,57.035,135.0
118,DAL,2019-11-07,57.66,7754424,57.92,58.43,57.58,134.0
119,DAL,2019-11-08,57.58,4820996,57.48,57.66,57.03,133.0
120,DAL,2019-11-11,57.21,3812049,57.26,57.52,57.09,132.0
121,DAL,2019-11-12,57.22,4424709,57.59,57.69,57.0402,131.0
122,DAL,2019-11-13,56.5,4157019,56.74,56.88,56.3,130.0
123,DAL,2019-11-14,56.55,3768852,56.27,56.75,56.07,129.0
124,DAL,2019-11-15,56.85,4350156,56.89,57.23,56.82,128.0
125,DAL,2019-11-18,57.08,3788388,56.78,57.09,56.49,127.0
126,DAL,2019-11-19,57.07,4704851,57.35,57.49,56.7031,126.0
127,DAL,2019-11-20,55.67,7383751,56.8,56.85,55.275,125.0
128,DAL,2019-11-21,55.31,5021257,55.74,55.9856,55.26,124.0
129,DAL,2019-11-22,56.11,9648222,55.57,56.13,55.1238,123.0
130,DAL,2019-11-25,56.35,6822744,56.39,56.69,55.69,122.0
131,DAL,2019-11-26,57.46,4890216,56.32,57.48,56.25,121.0
132,DAL,2019-11-27,57.07,4064177,57.53,57.58,56.675,120.0
133,DAL,2019-11-29,57.31,2653578,57.15,57.8499,57.01,119.0
134,DAL,2019-12-02,56.75,5628804,57.25,57.65,56.715,118.0
135,DAL,2019-12-03,55.62,7253163,55.89,56.0,54.54,117.0
136,DAL,2019-12-04,56.06,4760124,55.95,56.57,55.76,116.0
137,DAL,2019-12-05,55.88,3899946,56.39,56.41,55.7,115.0
138,DAL,2019-12-06,56.14,4568172,56.44,56.6,56.12,114.0
139,DAL,2019-12-09,55.8,4069862,55.99,56.145,55.645,113.0
140,DAL,2019-12-10,55.53,4873709,55.8,56.365,55.43,112.0
141,DAL,2019-12-11,55.08,5544380,55.4,55.52,54.95,111.0
142,DAL,2019-12-12,56.69,8871627,55.91,57.49,55.61,110.0
143,DAL,2019-12-13,56.73,4441484,56.79,57.29,56.43,109.0
144,DAL,2019-12-16,58.42,7460666,57.17,58.49,57.15,108.0
145,DAL,2019-12-17,58.69,6664603,58.42,59.3,58.33,107.0
146,DAL,2019-12-18,58.58,5027033,59.49,59.64,58.45,106.0
147,DAL,2019-12-19,59.14,4455966,58.62,59.24,58.42,105.0
148,DAL,2019-12-20,58.97,6026815,59.55,59.575,58.915,104.0
149,DAL,2019-12-23,59.44,3648234,59.17,59.92,59.03,103.0
150,DAL,2019-12-24,59.39,1075975,59.66,59.72,59.16,102.0
151,DAL,2019-12-26,59.56,2465878,59.48,59.72,59.26,101.0
152,DAL,2019-12-27,59.08,3538711,59.63,59.645,58.79,100.0
153,DAL,2019-12-30,58.66,3779314,59.25,59.3,58.2438,99.0
154,DAL,2019-12-31,58.48,2917296,58.49,58.7313,58.34,98.0
155,DAL,2020-01-02,59.04,4459843,58.93,59.39,58.45,97.0
156,DAL,2020-01-03,58.06,9079746,57.5,58.12,56.91,96.0
157,DAL,2020-01-06,57.66,5504424,56.99,57.76,56.66,95.0
158,DAL,2020-01-07,57.61,5635790,57.91,58.07,57.47,94.0
159,DAL,2020-01-08,58.85,8519684,57.75,59.4,57.73,93.0
160,DAL,2020-01-09,58.96,5336915,59.26,59.47,58.58,92.0
161,DAL,2020-01-10,59.24,8282229,59.25,59.49,58.62,91.0
162,DAL,2020-01-13,59.49,8452039,59.03,59.7,59.03,90.0
163,DAL,2020-01-14,61.45,16460980,62.04,62.25,60.86,89.0
164,DAL,2020-01-15,61.62,7953423,61.54,61.94,61.03,88.0
165,DAL,2020-01-16,61.88,4950458,62.06,62.48,61.63,87.0
166,DAL,2020-01-17,62.03,5770008,62.13,62.48,61.865,86.0
167,DAL,2020-01-21,60.34,16591970,61.25,61.61,58.43,85.0
168,DAL,2020-01-22,59.64,7096446,60.63,60.72,59.56,84.0
169,DAL,2020-01-23,60.27,7774547,59.19,60.375,58.19,83.0
170,DAL,2020-01-24,58.81,10989510,60.1,60.21,57.84,82.0
171,DAL,2020-01-27,56.83,13090190,56.49,57.18,55.62,81.0
172,DAL,2020-01-28,57.48,6343686,57.55,57.97,56.75,80.0
173,DAL,2020-01-29,56.65,5663665,57.64,57.8,56.57,79.0
174,DAL,2020-01-30,57.1,5980732,55.65,57.18,55.65,78.0
175,DAL,2020-01-31,55.74,9320794,56.7,57.08,55.43,77.0
176,DAL,2020-02-03,56.04,7498975,56.2,57.25,56.0,76.0
177,DAL,2020-02-04,57.93,6880807,57.2,58.4,57.15,75.0
178,DAL,2020-02-05,58.89,6067216,58.97,59.2993,58.5998,74.0
179,DAL,2020-02-06,58.18,5210207,59.8,60.03,58.02,73.0
180,DAL,2020-02-07,57.92,3836844,57.96,58.25,57.52,72.0
181,DAL,2020-02-10,57.71,4541102,57.54,58.12,57.43,71.0
182,DAL,2020-02-11,58.66,4566462,58.1,59.1,57.97,70.0
183,DAL,2020-02-12,59.47,5227469,59.29,59.915,59.18,69.0
184,DAL,2020-02-13,59.13,4353149,58.75,59.21,58.35,68.0
185,DAL,2020-02-14,58.9,3810080,59.24,59.47,58.58,67.0
186,DAL,2020-02-18,58.72,5691853,58.87,59.47,58.41,66.0
187,DAL,2020-02-19,58.51,4399855,58.49,58.58,58.03,65.0
188,DAL,2020-02-20,58.38,5239459,58.2,58.99,58.12,64.0
189,DAL,2020-02-21,57.87,6296079,57.96,58.02,56.87,63.0
190,DAL,2020-02-24,54.23,17983120,54.83,55.375,53.335,62.0
191,DAL,2020-02-25,50.89,15836500,54.54,54.71,50.75,61.0
192,DAL,2020-02-26,49.59,15994710,51.44,51.77,49.0,60.0
193,DAL,2020-02-27,48.19,21949060,46.72,50.98,45.03,59.0
194,DAL,2020-02-28,46.13,19860960,46.02,47.7899,45.1352,58.0
195,DAL,2020-03-02,47.16,20098720,46.22,47.25,44.33,57.0
196,DAL,2020-03-03,46.18,26344100,49.81,49.97,46.04,56.0
197,DAL,2020-03-04,48.5,20381790,47.5,48.64,46.021,55.0
198,DAL,2020-03-05,45.01,22918800,46.5,46.57,44.4175,54.0
199,DAL,2020-03-06,45.89,25809310,43.47,46.9283,42.87,53.0
200,DAL,2020-03-09,43.52,25784750,43.04,45.01,42.425,52.0
201,DAL,2020-03-10,45.47,28693310,45.57,45.88,41.46,51.0
202,DAL,2020-03-11,42.67,23567780,44.0,44.34,41.73,50.0
203,DAL,2020-03-12,33.71,36331860,37.47,38.78,33.46,49.0
204,DAL,2020-03-13,38.36,33052490,38.54,38.74,34.79,48.0
205,DAL,2020-03-16,35.81,35535360,32.8,38.08,31.23,47.0
206,DAL,2020-03-17,31.74,33097460,36.23,37.19,30.6,46.0
207,DAL,2020-03-18,23.49,64242530,29.79,29.79,19.1,45.0
208,DAL,2020-03-19,21.51,44623380,23.36,24.15,20.0,44.0
209,DAL,2020-03-20,21.35,55062900,23.17,26.85,21.26,43.0
210,DAL,2020-03-23,22.22,44426360,22.17,22.83,20.6,42.0
211,DAL,2020-03-24,26.89,65730290,26.26,28.98,24.52,41.0
212,DAL,2020-03-25,31.1,70733900,31.49,33.28,27.4,40.0
213,DAL,2020-03-26,31.7,57913540,32.61,35.89,30.424,39.0
214,DAL,2020-03-27,29.55,34960740,30.72,31.32,29.02,38.0
215,DAL,2020-03-30,28.67,29527480,28.49,29.29,26.0,37.0
216,DAL,2020-03-31,28.53,25002300,29.35,30.53,28.42,36.0
217,DAL,2020-04-01,23.87,56132990,26.59,26.59,23.69,35.0
218,DAL,2020-04-02,22.68,39407440,23.92,24.65,22.51,34.0
219,DAL,2020-04-03,22.48,48967850,23.03,23.65,21.75,33.0
220,DAL,2020-04-06,22.32,95093020,22.31,23.5,20.76,32.0
221,DAL,2020-04-07,22.25,98907230,25.21,25.85,21.9,31.0
222,DAL,2020-04-08,23.23,67565190,23.09,23.64,22.53,30.0
223,DAL,2020-04-09,24.39,91692860,25.4,25.53,23.35,29.0
224,DAL,2020-04-13,23.25,76172970,24.98,25.06,22.08,28.0
225,DAL,2020-04-14,24.54,60843590,23.99,25.29,23.83,27.0
226,DAL,2020-04-15,24.35,88092460,24.91,25.5,23.31,26.0
227,DAL,2020-04-16,22.78,57610190,23.76,23.8,22.63,25.0
228,DAL,2020-04-17,24.27,52594480,24.15,24.61,23.59,24.0
229,DAL,2020-04-20,23.64,42950780,23.44,24.12,22.91,23.0
230,DAL,2020-04-21,23.1,38616710,23.02,23.77,22.8,22.0
231,DAL,2020-04-22,22.47,70221360,23.88,23.94,21.63,21.0
232,DAL,2020-04-23,22.48,43581840,22.65,22.96,22.41,20.0
233,DAL,2020-04-24,22.41,43766610,22.53,22.68,21.75,19.0
234,DAL,2020-04-27,22.16,50561650,22.83,23.44,22.0,18.0
235,DAL,2020-04-28,24.34,83972150,23.0,24.9,22.65,17.0
236,DAL,2020-04-29,27.32,81613380,25.69,27.6,25.5,16.0
237,DAL,2020-04-30,25.91,63570690,26.7,27.23,25.5,15.0
238,DAL,2020-05-01,24.12,45146130,24.95,25.4,23.72,14.0
239,DAL,2020-05-04,22.57,91387140,21.19,22.79,20.5,13.0
240,DAL,2020-05-05,21.71,51178740,23.02,23.5,21.51,12.0
241,DAL,2020-05-06,21.0,52949150,21.76,22.1,20.7503,11.0
242,DAL,2020-05-07,21.68,48328180,21.07,22.5,21.02,10.0
243,DAL,2020-05-08,22.72,43366770,22.36,22.92,22.05,9.0
244,DAL,2020-05-11,22.01,39151910,22.1,22.51,21.55,8.0
245,DAL,2020-05-12,21.03,37466270,22.1,22.4,21.03,7.0
246,DAL,2020-05-13,19.41,72264890,20.97,20.97,19.09,6.0
247,DAL,2020-05-14,19.38,88506250,18.8,19.54,17.51,5.0
248,DAL,2020-05-15,19.19,46861840,18.97,19.65,18.62,4.0
249,DAL,2020-05-18,21.86,74681700,20.91,21.94,20.55,3.0
250,DAL,2020-05-19,21.76,70906350,22.57,22.57,21.32,2.0
251,DAL,2020-05-20,22.72,50856960,22.34,23.1,22.14,1.0
252,DAL,2020-05-21,23.16,46567250,22.77,23.68,22.6668,0.0
0,AAL,2020-05-22,9.7,37596760,10.02,10.12,9.63,
1,AAL,2020-05-21,9.89,45785720,9.87,10.15,9.83,
2,AAL,2020-05-20,9.87,44006730,9.91,10.14,9.77,
3,AAL,2020-05-19,9.64,62242480,10.14,10.19,9.59,
4,AAL,2020-05-18,9.87,76624410,9.62,9.94,9.36,
5,AAL,2020-05-15,9.04,39560530,8.85,9.36,8.76,
6,AAL,2020-05-14,9.15,72320520,8.77,9.19,8.25,
7,AAL,2020-05-13,9.11,68704640,9.52,9.53,8.83,
8,AAL,2020-05-12,9.65,46833140,10.01,10.2,9.6,
9,AAL,2020-05-11,10.1,48705950,9.92,10.25,9.59,
10,AAL,2020-05-08,10.14,59649750,9.78,10.15,9.68,
11,AAL,2020-05-07,9.54,61817000,9.3,9.8,9.29,
12,AAL,2020-05-06,9.25,68990970,9.58,9.73,9.09,
13,AAL,2020-05-05,9.51,86943950,10.26,10.38,9.5,
14,AAL,2020-05-04,9.82,125580000,9.41,10.17,9.15,
15,AAL,2020-05-01,10.64,99441400,11.41,11.66,10.58,
16,AAL,2020-04-30,12.01,94921440,11.92,12.59,11.26,
17,AAL,2020-04-29,12.63,113669400,12.1,12.89,12.02,
18,AAL,2020-04-28,11.26,114643000,10.29,11.63,10.21,
19,AAL,2020-04-27,10.02,67378760,10.53,10.53,10.0,
20,AAL,2020-04-24,10.31,67234910,10.4,10.5,9.9,
21,AAL,2020-04-23,10.25,54598510,10.36,10.67,10.24,
22,AAL,2020-04-22,10.27,76320110,11.09,11.13,10.015,
23,AAL,2020-04-21,11.0,49882260,10.795,11.22,10.7,
24,AAL,2020-04-20,11.06,58984770,11.15,11.35,10.72,
25,AAL,2020-04-17,11.57,61279470,11.87,11.945,11.5,
26,AAL,2020-04-16,11.07,83626980,11.91,12.03,11.05,
27,AAL,2020-04-15,12.29,124719900,12.52,12.69,11.39,
28,AAL,2020-04-14,11.945,68039490,12.22,12.6,11.75,
29,AAL,2020-04-13,11.56,73385530,12.9,12.95,11.25,
30,AAL,2020-04-09,12.51,117592800,12.64,13.4,11.82,
31,AAL,2020-04-08,11.33,82718690,10.91,11.4,10.5,
32,AAL,2020-04-07,10.22,138061000,11.07,12.2,10.05,
33,AAL,2020-04-06,9.5,94272310,9.72,9.94,9.11,
34,AAL,2020-04-03,9.39,87018880,10.34,10.49,9.09,
35,AAL,2020-04-02,10.06,65534610,10.61,11.03,10.0,
36,AAL,2020-04-01,10.69,56854450,11.45,11.48,10.5,
37,AAL,2020-03-31,12.19,44851440,12.9,12.96,12.1,
38,AAL,2020-03-30,12.25,50516760,13.2,13.22,11.81,
39,AAL,2020-03-27,14.04,50783460,14.98,15.22,13.91,
40,AAL,2020-03-26,15.66,77627480,16.06,17.24,15.16,
41,AAL,2020-03-25,15.39,93795090,16.69,16.99,14.31,
42,AAL,2020-03-24,13.92,101553100,11.9565,14.81,11.5401,
43,AAL,2020-03-23,10.25,56427280,10.9,11.36,10.01,
44,AAL,2020-03-20,10.38,62681780,10.653,12.0,10.3,
45,AAL,2020-03-19,10.29,71584500,11.6,12.16,10.01,
46,AAL,2020-03-18,11.65,78458780,14.24,14.28,10.17,
47,AAL,2020-03-17,15.58,58055820,15.785,18.49,14.79,
48,AAL,2020-03-16,15.92,84916840,12.407,16.2,12.0,
49,AAL,2020-03-13,14.31,58376120,15.3,15.6,13.12,
50,AAL,2020-03-12,13.45,53968490,14.05,15.75,13.33,
51,AAL,2020-03-11,16.26,43778180,16.31,16.49,15.52,
52,AAL,2020-03-10,17.0,56972740,15.82,17.67,14.61,
53,AAL,2020-03-09,14.75,42558020,14.87,15.79,14.46,
54,AAL,2020-03-06,15.97,54504970,15.02,17.12,14.8,
55,AAL,2020-03-05,16.04,44656810,17.54,17.65,15.98,
56,AAL,2020-03-04,18.53,44362090,18.36,18.55,17.3,
57,AAL,2020-03-03,17.85,35402450,19.66,19.79,17.8,
58,AAL,2020-03-02,18.86,38738000,19.05,19.06,17.51,
59,AAL,2020-02-28,19.05,37166400,19.8,20.35,18.77,
60,AAL,2020-02-27,20.6,31897330,20.85,22.48,19.77,
61,AAL,2020-02-26,22.31,19631370,23.57,23.75,22.11,
62,AAL,2020-02-25,23.12,22296880,25.62,25.75,23.05,
63,AAL,2020-02-24,25.45,21713200,25.98,26.11,25.0,
64,AAL,2020-02-21,27.82,11256490,28.12,28.3,27.17,
65,AAL,2020-02-20,28.51,10093420,28.24,28.9,28.2024,
66,AAL,2020-02-19,28.33,8401025,28.84,28.88,28.31,
67,AAL,2020-02-18,28.63,10486460,29.04,29.345,28.49,
68,AAL,2020-02-14,29.2,5524788,30.01,30.27,29.14,
69,AAL,2020-02-13,30.09,9119433,30.03,30.4,29.73,
70,AAL,2020-02-12,30.47,9315375,30.0,30.78,29.99,
71,AAL,2020-02-11,29.84,8977738,29.06,29.94,28.97,
72,AAL,2020-02-10,28.79,15134340,28.19,28.81,27.98,
73,AAL,2020-02-07,28.38,6231754,28.06,28.55,27.78,
74,AAL,2020-02-06,28.3,8335783,29.26,29.4498,28.14,
75,AAL,2020-02-05,29.1,8959684,28.96,29.24,28.545,
76,AAL,2020-02-04,28.43,10832930,27.68,28.61,27.55,
77,AAL,2020-02-03,27.16,7631879,26.93,27.67,26.74,
78,AAL,2020-01-31,26.84,11027940,27.5,27.52,26.59,
79,AAL,2020-01-30,27.72,10685470,26.3,27.79,26.26,
80,AAL,2020-01-29,26.8,9094411,26.88,27.49,26.74,
81,AAL,2020-01-28,26.9,11939170,26.36,27.115,26.26,
82,AAL,2020-01-27,26.11,21573810,26.57,26.6,25.37,
83,AAL,2020-01-24,27.64,18067790,28.85,28.8612,27.01,
84,AAL,2020-01-23,28.8,25611120,27.39,28.99,26.04,
85,AAL,2020-01-22,27.32,9852593,27.51,27.91,27.3,
86,AAL,2020-01-21,27.2,16409420,27.97,27.99,27.05,
87,AAL,2020-01-17,28.4,7379424,28.3,28.72,28.06,
88,AAL,2020-01-16,28.23,6442847,27.79,28.26,27.76,
89,AAL,2020-01-15,27.58,5689926,27.45,28.06,27.32,
90,AAL,2020-01-14,27.53,8890948,27.91,28.4,27.35,
91,AAL,2020-01-13,27.39,5880251,27.32,27.53,27.155,
92,AAL,2020-01-10,27.32,8108419,27.96,27.99,27.25,
93,AAL,2020-01-09,27.95,6901065,28.09,28.23,27.71,
94,AAL,2020-01-08,27.84,10497300,27.1,28.09,27.07,
95,AAL,2020-01-07,27.22,6197079,27.56,27.68,27.06,
96,AAL,2020-01-06,27.32,6108646,27.19,27.4901,27.08,
97,AAL,2020-01-03,27.65,14019970,28.27,28.29,27.34,
98,AAL,2020-01-02,29.09,6275633,28.98,29.295,28.65,
99,AAL,2019-12-31,28.68,4397331,28.2,28.79,28.19,
100,AAL,2019-12-30,28.3,4940611,28.5,28.532,28.065,
101,AAL,2019-12-27,28.44,8419552,29.76,29.8092,28.36,
102,AAL,2019-12-26,29.67,4747397,29.32,29.71,29.26,
103,AAL,2019-12-24,29.18,2373608,29.32,29.43,29.1,
104,AAL,2019-12-23,29.3,9291453,29.25,29.72,29.2,
105,AAL,2019-12-20,29.04,12283160,28.67,29.05,28.49,
106,AAL,2019-12-19,28.55,6295123,28.0,28.57,27.93,
107,AAL,2019-12-18,28.0,4634055,28.35,28.57,27.93,
108,AAL,2019-12-17,28.28,5920693,27.97,28.48,27.86,
109,AAL,2019-12-16,27.92,6997861,27.62,28.35,27.6,
110,AAL,2019-12-13,27.48,5965334,27.93,28.13,27.365,
111,AAL,2019-12-12,27.72,9651944,27.09,28.02,26.95,
112,AAL,2019-12-11,26.86,5435419,27.08,27.1,26.68,
113,AAL,2019-12-10,27.0,7541746,27.55,27.625,26.9,
114,AAL,2019-12-09,27.49,4532901,27.62,27.83,27.457,
115,AAL,2019-12-06,27.725,6094102,27.5,27.96,27.47,
116,AAL,2019-12-05,27.24,4997239,27.46,27.568,27.05,
117,AAL,2019-12-04,27.38,4806046,27.42,27.755,27.22,
118,AAL,2019-12-03,27.29,7801699,27.73,27.77,26.96,
119,AAL,2019-12-02,28.08,6851478,28.79,28.9938,28.01,
120,AAL,2019-11-29,28.74,2970843,28.92,29.265,28.66,
121,AAL,2019-11-27,28.95,3387635,29.07,29.33,28.7416,
122,AAL,2019-11-26,29.05,5941469,28.95,29.07,28.565,
123,AAL,2019-11-25,28.99,5174519,28.8,29.18,28.62,
124,AAL,2019-11-22,28.68,4827418,28.2,28.72,28.13,
125,AAL,2019-11-21,27.93,6071758,28.27,28.48,27.84,
126,AAL,2019-11-20,28.23,9937115,29.14,29.24,28.05,
127,AAL,2019-11-19,29.29,5966379,28.93,29.38,28.73,
128,AAL,2019-11-18,28.6,5368970,28.64,28.89,28.2787,
129,AAL,2019-11-15,28.86,4551993,28.95,29.2,28.8,
130,AAL,2019-11-14,28.77,4393223,28.75,28.9,28.46,
131,AAL,2019-11-13,28.66,7179903,29.03,29.155,28.565,
132,AAL,2019-11-12,29.52,8663841,30.58,30.67,29.4,
133,AAL,2019-11-11,30.59,4110020,30.54,30.75,30.2,
134,AAL,2019-11-08,30.76,6352970,30.72,30.85,29.96,
135,AAL,2019-11-07,30.89,6342457,31.21,31.44,30.75,
136,AAL,2019-11-06,30.96,4270307,31.17,31.19,30.65,
137,AAL,2019-11-05,31.18,5500164,31.0,31.58,30.91,
138,AAL,2019-11-04,30.95,5888649,30.71,30.99,30.47,
139,AAL,2019-11-01,30.56,8270943,30.3,30.61,30.015,
140,AAL,2019-10-31,30.06,8779591,30.07,30.21,29.46,
141,AAL,2019-10-30,30.29,10356080,30.77,30.94,29.9349,
142,AAL,2019-10-29,30.92,6843245,31.42,31.49,30.675,
143,AAL,2019-10-28,31.36,10298520,31.0,31.67,31.0,
144,AAL,2019-10-25,30.86,13835750,29.4,30.89,29.3,
145,AAL,2019-10-24,29.41,17963270,29.27,29.85,28.49,
146,AAL,2019-10-23,28.29,8437075,28.25,28.4,27.88,
147,AAL,2019-10-22,28.26,8093942,28.5,28.69,27.815,
148,AAL,2019-10-21,28.62,6789511,28.51,28.91,28.425,
149,AAL,2019-10-18,28.22,5693560,27.8,28.32,27.705,
150,AAL,2019-10-17,27.93,6710008,28.31,28.44,27.85,
151,AAL,2019-10-16,28.05,6373517,28.33,28.81,28.03,
152,AAL,2019-10-15,28.27,7047547,27.63,28.3746,27.28,
153,AAL,2019-10-14,27.615,3190555,27.37,27.66,27.14,
154,AAL,2019-10-11,27.355,7531394,27.63,28.02,27.34,
155,AAL,2019-10-10,27.18,7095959,26.68,27.25,26.5,
156,AAL,2019-10-09,27.065,8191541,26.78,27.33,26.69,
157,AAL,2019-10-08,26.26,9049444,25.56,26.8,25.45,
158,AAL,2019-10-07,25.83,5876908,25.8,26.06,25.52,
159,AAL,2019-10-04,25.83,6524685,25.33,25.85,25.07,
160,AAL,2019-10-03,25.265,8616277,25.47,25.51,24.51,
161,AAL,2019-10-02,25.37,14246050,26.5,26.51,25.02,
162,AAL,2019-10-01,26.8,6548778,27.08,27.66,26.59,
163,AAL,2019-09-30,26.97,5146989,27.35,27.41,26.82,
164,AAL,2019-09-27,27.01,5209424,27.01,27.805,26.91,
165,AAL,2019-09-26,27.19,4859795,27.57,27.6,26.905,
166,AAL,2019-09-25,27.44,6399938,27.13,27.83,27.02,
167,AAL,2019-09-24,26.995,5585650,27.62,27.7,26.765,
168,AAL,2019-09-23,27.5,5394512,27.71,27.88,27.355,
169,AAL,2019-09-20,27.99,6975202,28.2,28.435,27.96,
170,AAL,2019-09-19,28.3,5125014,28.63,28.74,28.16,
171,AAL,2019-09-18,28.6,6175971,28.55,28.66,28.07,
172,AAL,2019-09-17,28.64,12735030,28.02,29.25,27.92,
173,AAL,2019-09-16,27.77,15507800,28.56,28.7892,27.7,
174,AAL,2019-09-13,29.95,7131918,30.2,30.34,29.87,
175,AAL,2019-09-12,29.94,5808790,29.67,30.22,29.64,
176,AAL,2019-09-11,29.76,10842620,29.16,29.93,28.725,
177,AAL,2019-09-10,29.12,6377312,28.28,29.18,28.205,
178,AAL,2019-09-09,28.44,8561601,27.79,28.75,27.71,
179,AAL,2019-09-06,27.79,5791863,28.16,28.23,27.73,
180,AAL,2019-09-05,27.69,6256918,27.45,28.11,27.44,
181,AAL,2019-09-04,27.0,5657456,26.66,27.22,26.52,
182,AAL,2019-09-03,26.51,6732810,26.16,26.66,25.95,
183,AAL,2019-08-30,26.31,5076364,26.4,26.83,26.16,
184,AAL,2019-08-29,26.32,7210512,25.79,26.61,25.7,
185,AAL,2019-08-28,25.33,9080597,24.41,25.51,24.23,
186,AAL,2019-08-27,24.45,7504544,25.27,25.34,24.32,
187,AAL,2019-08-26,25.19,6728216,25.9,25.91,25.03,
188,AAL,2019-08-23,25.42,8910561,26.27,26.51,25.35,
189,AAL,2019-08-22,26.53,5958588,26.46,26.98,26.3375,
190,AAL,2019-08-21,26.42,6227560,26.06,26.5951,26.01,
191,AAL,2019-08-20,25.83,7660120,26.08,26.08,25.56,
192,AAL,2019-08-19,26.1,9035421,26.2,26.69,26.08,
193,AAL,2019-08-16,25.79,8886360,25.62,26.05,25.39,
194,AAL,2019-08-15,25.41,10112640,26.2,26.31,25.14,
195,AAL,2019-08-14,26.1,10104390,27.05,27.07,26.09,
196,AAL,2019-08-13,27.51,12996670,27.62,28.37,27.3269,
197,AAL,2019-08-12,27.64,8014995,28.5,28.51,27.52,
198,AAL,2019-08-09,28.78,4031257,28.85,29.065,28.555,
199,AAL,2019-08-08,29.08,5028185,28.81,29.39,28.76,
200,AAL,2019-08-07,28.63,6771454,28.0,28.76,27.82,
201,AAL,2019-08-06,28.36,6010508,28.85,29.064,28.0157,
202,AAL,2019-08-05,28.53,8948917,28.97,28.97,28.0,
203,AAL,2019-08-02,29.45,6475919,29.7,29.811,29.0715,
204,AAL,2019-08-01,29.84,8012969,30.43,30.565,29.43,
205,AAL,2019-07-31,30.51,6269369,30.68,31.14,30.27,
206,AAL,2019-07-30,30.71,5290177,30.45,30.81,30.21,
207,AAL,2019-07-29,30.74,6963941,30.97,31.1862,30.54,
208,AAL,2019-07-26,31.24,7875157,32.0,32.25,31.16,
209,AAL,2019-07-25,31.67,13152300,34.55,34.82,31.58,
210,AAL,2019-07-24,34.59,7315334,33.62,34.99,33.62,
211,AAL,2019-07-23,33.73,4524068,33.02,33.79,32.57,
212,AAL,2019-07-22,32.9,4005726,33.22,33.42,32.8515,
213,AAL,2019-07-19,33.08,4249117,33.82,34.02,33.06,
214,AAL,2019-07-18,33.74,3049389,33.41,33.82,33.11,
215,AAL,2019-07-17,33.26,5881982,34.34,34.4199,33.11,
216,AAL,2019-07-16,34.22,6353631,33.7,34.67,33.7,
217,AAL,2019-07-15,33.61,3484003,33.67,33.95,33.42,
218,AAL,2019-07-12,33.78,5012196,33.12,33.9,33.0,
219,AAL,2019-07-11,33.03,6842881,33.06,33.3,32.82,
220,AAL,2019-07-10,32.94,8869704,32.93,33.685,32.59,
221,AAL,2019-07-09,32.36,5450614,32.4,32.7502,31.93,
222,AAL,2019-07-08,32.79,5328812,31.99,32.915,31.98,
223,AAL,2019-07-05,32.46,2583866,32.54,32.8261,31.95,
224,AAL,2019-07-03,32.72,2747692,32.4,32.85,32.35,
225,AAL,2019-07-02,32.19,4767593,33.09,33.21,32.03,
226,AAL,2019-07-01,32.88,8995147,33.14,33.6632,32.5301,
227,AAL,2019-06-28,32.61,5238492,32.23,32.73,32.16,
228,AAL,2019-06-27,32.15,4274549,31.56,32.5513,31.42,
229,AAL,2019-06-26,31.46,4089726,31.48,31.715,31.065,
230,AAL,2019-06-25,31.26,6523933,31.83,32.11,31.24,
231,AAL,2019-06-24,31.82,8425704,31.57,31.89,31.31,
232,AAL,2019-06-21,31.57,7481797,32.03,32.39,31.51,
233,AAL,2019-06-20,32.15,8969183,33.66,33.81,31.9,
234,AAL,2019-06-19,33.21,5535486,32.72,33.3,32.51,
235,AAL,2019-06-18,32.52,3789303,32.78,33.3,32.42,
236,AAL,2019-06-17,32.56,3420933,32.1,32.915,32.1,
237,AAL,2019-06-14,32.68,6128002,32.97,33.2,32.22,
238,AAL,2019-06-13,33.09,10856490,31.69,33.32,31.41,
239,AAL,2019-06-12,31.1,5185737,30.56,31.13,30.45,
240,AAL,2019-06-11,30.58,3461792,31.1,31.29,30.51,
241,AAL,2019-06-10,30.76,5449401,31.15,31.72,30.715,
242,AAL,2019-06-07,30.92,4843551,30.59,31.15,30.43,
243,AAL,2019-06-06,30.38,5507561,30.4,30.51,29.88,
244,AAL,2019-06-05,30.36,8713660,29.76,30.45,29.46,
245,AAL,2019-06-04,29.12,10218530,27.63,29.31,27.5,
246,AAL,2019-06-03,27.2,6796311,27.12,27.81,27.02,
247,AAL,2019-05-31,27.23,7441190,27.8,27.92,27.105,
248,AAL,2019-05-30,28.17,4734058,28.5,28.745,27.99,
249,AAL,2019-05-29,28.41,6248119,28.51,28.55,27.92,
250,AAL,2019-05-28,28.73,8362841,29.26,29.32,28.5,
251,AAL,2019-05-24,29.17,5764067,29.69,29.94,28.98,
0,UAL,2020-05-22,25.4,45062050,26.38,26.58,24.67,
1,UAL,2020-05-21,25.84,53737290,25.09,26.58,25.0,
2,UAL,2020-05-20,24.91,56271960,24.38,25.39,24.3,
3,UAL,2020-05-19,23.68,81387950,25.62,25.67,23.33,
4,UAL,2020-05-18,24.13,72914840,21.79,24.26,21.46,
5,UAL,2020-05-15,19.92,39807950,19.67,20.9599,19.28,
6,UAL,2020-05-14,20.3,74107760,19.72,20.43,18.18,
7,UAL,2020-05-13,20.71,59007860,22.51,22.64,20.33,
8,UAL,2020-05-12,22.76,40420910,23.95,24.4627,22.74,
9,UAL,2020-05-11,23.97,47485790,24.5,24.64,23.46,
10,UAL,2020-05-08,25.42,55613250,23.58,25.44,23.32,
11,UAL,2020-05-07,22.75,44179280,22.96,24.45,22.4498,
12,UAL,2020-05-06,22.91,43355300,23.96,24.35,22.385,
13,UAL,2020-05-05,24.12,35651670,26.04,26.35,23.98,
14,UAL,2020-05-04,25.26,63152400,23.91,25.56,22.76,
15,UAL,2020-05-01,26.62,47710310,28.1,29.25,26.13,
16,UAL,2020-04-30,29.58,44896850,29.66,31.07,28.32,
17,UAL,2020-04-29,31.21,52643460,29.58,31.84,29.49,
18,UAL,2020-04-28,27.84,59812100,25.86,28.43,25.5,
19,UAL,2020-04-27,25.0,35980030,25.985,26.34,24.87,
20,UAL,2020-04-24,25.56,34850730,25.92,26.15,24.67,
21,UAL,2020-04-23,25.72,35812490,26.0,26.56,25.66,
22,UAL,2020-04-22,25.88,90730570,27.3,27.66,25.01,
23,UAL,2020-04-21,27.88,28293240,27.01,28.36,26.76,
24,UAL,2020-04-20,27.79,37041700,27.927,28.67,26.69,
25,UAL,2020-04-17,29.08,26829600,29.9,30.11,28.86,
26,UAL,2020-04-16,28.21,44795630,30.348,30.49,27.92,
27,UAL,2020-04-15,31.86,46775180,31.97,32.6,29.88,
28,UAL,2020-04-14,30.9,28650560,30.52,32.21,30.38,
29,UAL,2020-04-13,28.91,36493670,32.63,32.7,27.59,
30,UAL,2020-04-09,31.5,54118480,29.92,34.04,29.57,
31,UAL,2020-04-08,27.51,32657740,25.65,27.54,24.51,
32,UAL,2020-04-07,24.48,43809290,28.2,28.69,23.7241,
33,UAL,2020-04-06,24.02,32386710,23.9,24.8,21.8,
34,UAL,2020-04-03,22.885,28350250,24.2165,24.9395,21.56,
35,UAL,2020-04-02,23.42,25212820,25.24,26.09,23.0,
36,UAL,2020-04-01,25.65,27541550,29.51,29.69,25.3601,
37,UAL,2020-03-31,31.55,16568760,31.31,33.605,30.5831,
38,UAL,2020-03-30,30.16,18386440,30.69,31.8,28.0,
39,UAL,2020-03-27,32.84,18379570,35.02,35.2,32.03,
40,UAL,2020-03-26,35.55,29647800,38.38,39.78,34.53,
41,UAL,2020-03-25,36.6,32988800,38.0,39.47,33.29,
42,UAL,2020-03-24,33.0,31502490,31.99,34.15,30.01,
43,UAL,2020-03-23,26.25,25585770,25.97,26.6,23.37,
44,UAL,2020-03-20,24.5,37407970,23.37,30.74,22.2,
45,UAL,2020-03-19,21.28,31611170,21.34,23.99,18.09,
46,UAL,2020-03-18,21.38,35372670,28.81,28.97,17.8,
47,UAL,2020-03-17,30.67,21078870,36.49,38.14,30.05,
48,UAL,2020-03-16,35.47,28259540,34.34,39.37,30.38,
49,UAL,2020-03-13,41.64,24135260,41.33,42.49,34.0,
50,UAL,2020-03-12,37.08,19423640,42.77,44.31,37.01,
51,UAL,2020-03-11,49.34,10917060,50.53,51.23,48.05,
52,UAL,2020-03-10,52.56,15642910,51.0,54.33,46.62,
53,UAL,2020-03-09,46.78,12307560,49.585,50.99,45.915,
54,UAL,2020-03-06,52.1,16492240,48.61,56.0,48.2601,
55,UAL,2020-03-05,51.59,13974730,57.11,57.16,50.93,
56,UAL,2020-03-04,59.47,10671200,59.51,59.74,56.315,
57,UAL,2020-03-03,58.29,9208799,63.14,63.53,57.96,
58,UAL,2020-03-02,61.26,13015180,61.13,61.27,57.0425,
59,UAL,2020-02-28,61.59,9957999,62.85,64.8799,60.825,
60,UAL,2020-02-27,64.94,10257090,62.9,69.02,61.2,
61,UAL,2020-02-26,66.53,9372177,71.75,71.91,65.89,
62,UAL,2020-02-25,70.57,8076210,75.76,76.18,70.32,
63,UAL,2020-02-24,75.47,6332868,75.08,76.02,73.65,
64,UAL,2020-02-21,78.01,4545057,79.4,79.4,77.32,
65,UAL,2020-02-20,79.91,2893884,79.3,81.67,79.3,
66,UAL,2020-02-19,79.42,3350290,80.94,80.94,79.19,
67,UAL,2020-02-18,80.24,4183723,79.0,80.625,78.65,
68,UAL,2020-02-14,79.55,3119656,81.02,81.44,79.4,
69,UAL,2020-02-13,80.99,2998888,81.0,81.74,80.37,
70,UAL,2020-02-12,82.2,2907099,81.08,82.6,81.0,
71,UAL,2020-02-11,80.53,2763727,80.02,81.45,79.945,
72,UAL,2020-02-10,79.47,3492868,78.95,79.61,77.78,
73,UAL,2020-02-07,79.48,3129720,80.0,80.24,78.65,
74,UAL,2020-02-06,80.5,5218811,82.4,82.7211,79.79,
75,UAL,2020-02-05,81.85,6993789,80.76,82.36,80.05,
76,UAL,2020-02-04,78.89,6423869,76.64,79.53,76.5,
77,UAL,2020-02-03,74.91,3951366,75.49,77.1199,74.88,
78,UAL,2020-01-31,74.8,5196562,77.17,77.29,74.52,
79,UAL,2020-01-30,77.75,5900393,74.66,77.98,74.44,
80,UAL,2020-01-29,75.21,5512397,77.4,77.4899,75.01,
81,UAL,2020-01-28,77.05,7575578,78.25,78.475,77.0,
82,UAL,2020-01-27,77.63,8671260,78.0,78.46,76.55,
83,UAL,2020-01-24,81.9,6869764,84.31,84.73,80.28,
84,UAL,2020-01-23,84.88,6194380,83.0,85.17,81.06,
85,UAL,2020-01-22,83.34,8453244,86.75,87.565,83.15,
86,UAL,2020-01-21,85.79,9546684,87.88,88.0,84.57,
87,UAL,2020-01-17,89.7,4221217,89.8,90.1,88.96,
88,UAL,2020-01-16,89.54,2427506,88.79,89.715,88.78,
89,UAL,2020-01-15,88.29,1878934,87.61,88.8,87.25,
90,UAL,2020-01-14,87.85,3243640,88.17,89.64,87.71,
91,UAL,2020-01-13,86.89,2707860,87.31,87.67,86.7,
92,UAL,2020-01-10,87.31,2035663,88.04,88.26,86.97,
93,UAL,2020-01-09,87.95,2252191,87.72,88.72,87.5,
94,UAL,2020-01-08,87.3,4153259,86.9,88.45,86.3,
95,UAL,2020-01-07,86.77,2594744,87.41,88.16,86.74,
96,UAL,2020-01-06,87.7,2652773,86.72,88.07,86.65,
97,UAL,2020-01-03,87.9,3562918,86.8,88.16,86.26,
98,UAL,2020-01-02,89.74,2671623,89.57,90.57,89.105,
99,UAL,2019-12-31,88.09,2073700,87.71,88.46,87.71,
100,UAL,2019-12-30,87.96,1799897,88.51,88.8599,87.51,
101,UAL,2019-12-27,88.37,1402073,89.31,89.389,88.01,
102,UAL,2019-12-26,89.26,1041642,89.3,89.715,88.8,
103,UAL,2019-12-24,89.15,771149,89.46,89.63,88.66,
104,UAL,2019-12-23,89.44,1906056,89.72,90.1,89.28,
105,UAL,2019-12-20,89.28,3026482,89.37,89.9,89.05,
106,UAL,2019-12-19,89.22,2172531,89.28,89.78,89.0501,
107,UAL,2019-12-18,88.84,1876903,89.5,89.98,88.36,
108,UAL,2019-12-17,89.36,2218406,88.57,89.99,88.3501,
109,UAL,2019-12-16,88.63,2090200,87.95,89.46,87.95,
110,UAL,2019-12-13,87.58,1972842,88.2,89.43,87.42,
111,UAL,2019-12-12,88.47,2903831,87.7,89.9,87.32,
112,UAL,2019-12-11,87.02,2418182,86.47,87.15,86.08,
113,UAL,2019-12-10,86.51,1994909,87.58,87.92,86.36,
114,UAL,2019-12-09,87.61,2235201,88.49,88.58,87.3,
115,UAL,2019-12-06,88.58,1485328,88.79,89.5,88.55,
116,UAL,2019-12-05,87.86,1959655,89.1,89.33,87.6,
117,UAL,2019-12-04,88.17,2072411,89.16,89.81,88.13,
118,UAL,2019-12-03,88.87,3393153,90.6,90.775,88.5,
119,UAL,2019-12-02,91.63,1941963,93.0,93.62,91.44,
120,UAL,2019-11-29,92.8,905807,92.8,93.49,92.51,
121,UAL,2019-11-27,93.05,1602154,93.06,93.67,92.77,
122,UAL,2019-11-26,92.76,2043490,92.48,92.92,92.02,
123,UAL,2019-11-25,92.52,1941650,92.11,93.13,91.55,
124,UAL,2019-11-22,91.78,1440399,91.1,91.94,90.94,
125,UAL,2019-11-21,90.97,1630935,91.88,92.11,90.77,
126,UAL,2019-11-20,91.7,3133884,92.75,93.46,90.85,
127,UAL,2019-11-19,93.29,1606663,93.13,93.72,92.42,
128,UAL,2019-11-18,92.77,1808656,92.45,92.79,91.45,
129,UAL,2019-11-15,92.51,1552721,93.0,93.5,92.32,
130,UAL,2019-11-14,92.52,1051767,92.75,92.95,91.9,
131,UAL,2019-11-13,92.42,1863345,92.62,92.98,92.04,
132,UAL,2019-11-12,92.72,1543614,93.44,93.88,92.66,
133,UAL,2019-11-11,93.53,1127088,92.85,93.82,92.67,
134,UAL,2019-11-08,93.44,914941,93.81,93.86,92.605,
135,UAL,2019-11-07,93.8,3014104,94.0,95.16,93.56,
136,UAL,2019-11-06,93.34,1179340,93.42,93.6,92.58,
137,UAL,2019-11-05,93.12,2623950,92.63,93.62,92.46,
138,UAL,2019-11-04,92.39,1905931,92.31,92.96,92.03,
139,UAL,2019-11-01,91.65,2248324,91.65,92.52,91.29,
140,UAL,2019-10-31,90.84,1997503,91.12,91.4,90.41,
141,UAL,2019-10-30,91.67,1694758,91.05,91.89,90.41,
142,UAL,2019-10-29,91.03,1552535,91.88,92.38,90.9,
143,UAL,2019-10-28,92.19,1841018,91.83,92.8,91.78,
144,UAL,2019-10-25,91.64,2218463,89.68,91.84,89.67,
145,UAL,2019-10-24,89.81,2294969,90.59,91.51,89.22,
146,UAL,2019-10-23,89.9,1644482,89.65,90.17,88.95,
147,UAL,2019-10-22,89.71,2033340,90.68,91.05,89.62,
148,UAL,2019-10-21,90.78,2066314,90.49,91.5,90.49,
149,UAL,2019-10-18,90.085,2722683,89.43,90.755,89.33,
150,UAL,2019-10-17,89.46,2493214,90.2,90.4068,88.93,
151,UAL,2019-10-16,89.7,6805187,89.35,90.84,88.22,
152,UAL,2019-10-15,87.88,4746893,87.28,88.66,86.68,
153,UAL,2019-10-14,86.97,3457479,87.11,87.15,86.24,
154,UAL,2019-10-11,87.15,2461176,88.52,89.13,87.12,
155,UAL,2019-10-10,87.34,2830522,85.39,87.76,84.73,
156,UAL,2019-10-09,86.46,3163430,85.74,87.51,85.73,
157,UAL,2019-10-08,84.69,2575541,84.25,86.12,83.9,
158,UAL,2019-10-07,84.85,2124385,83.61,85.26,83.61,
159,UAL,2019-10-04,84.29,1957962,83.53,84.47,83.12,
160,UAL,2019-10-03,83.27,2768483,83.61,83.61,80.87,
161,UAL,2019-10-02,83.69,4346907,86.0,86.85,82.0552,
162,UAL,2019-10-01,87.84,2429757,89.15,90.19,87.23,
163,UAL,2019-09-30,88.41,1959398,88.4,88.98,87.91,
164,UAL,2019-09-27,88.14,1668260,88.85,90.3,87.82,
165,UAL,2019-09-26,88.45,1306010,89.38,89.55,87.77,
166,UAL,2019-09-25,89.17,1744522,88.24,89.88,88.24,
167,UAL,2019-09-24,88.3,1563720,88.97,89.2,87.51,
168,UAL,2019-09-23,88.21,3178752,88.62,88.88,87.42,
169,UAL,2019-09-20,89.09,2764305,89.47,90.0507,88.92,
170,UAL,2019-09-19,89.42,2367602,90.35,90.62,89.18,
171,UAL,2019-09-18,90.23,2174822,89.7,90.29,88.94,
172,UAL,2019-09-17,89.98,3635129,89.38,91.26,88.79,
173,UAL,2019-09-16,88.76,3438150,88.3,90.1273,88.17,
174,UAL,2019-09-13,91.35,3000707,90.41,91.84,89.75,
175,UAL,2019-09-12,89.38,2724658,88.68,89.83,88.55,
176,UAL,2019-09-11,88.38,2431520,87.62,88.87,87.17,
177,UAL,2019-09-10,87.56,1711943,87.2,87.785,86.605,
178,UAL,2019-09-09,87.33,2123125,86.49,87.73,85.91,
179,UAL,2019-09-06,86.3,2345125,86.37,87.44,86.2,
180,UAL,2019-09-05,85.84,2968888,84.69,86.87,84.69,
181,UAL,2019-09-04,83.91,2739635,83.0,84.86,83.0,
182,UAL,2019-09-03,83.15,2350081,83.64,83.76,82.25,
183,UAL,2019-08-30,84.31,1929469,85.2,85.68,84.09,
184,UAL,2019-08-29,84.69,4085102,83.23,85.13,83.23,
185,UAL,2019-08-28,82.45,2299537,81.52,82.99,81.17,
186,UAL,2019-08-27,81.94,2213751,84.28,84.705,81.75,
187,UAL,2019-08-26,83.58,1851387,83.42,83.63,82.45,
188,UAL,2019-08-23,82.53,3674673,85.06,85.65,82.22,
189,UAL,2019-08-22,85.56,1310135,85.3,85.87,84.69,
190,UAL,2019-08-21,85.29,1672641,84.67,85.67,84.626,
191,UAL,2019-08-20,84.03,1495009,83.65,84.43,83.21,
192,UAL,2019-08-19,83.89,2268781,84.02,84.93,83.805,
193,UAL,2019-08-16,82.94,2294252,82.25,83.31,81.84,
194,UAL,2019-08-15,81.62,3236384,82.04,82.23,80.828,
195,UAL,2019-08-14,81.95,3250818,83.05,83.58,80.78,
196,UAL,2019-08-13,84.56,2669290,84.15,86.28,83.525,
197,UAL,2019-08-12,84.71,2185046,86.24,86.24,83.95,
198,UAL,2019-08-09,86.98,2078719,87.46,87.83,86.1,
199,UAL,2019-08-08,87.63,1419870,86.71,87.98,86.59,
200,UAL,2019-08-07,86.48,2380052,84.72,86.96,84.03,
201,UAL,2019-08-06,85.46,2369853,85.91,86.5722,84.97,
202,UAL,2019-08-05,85.59,3721837,88.88,88.88,84.8,
203,UAL,2019-08-02,89.43,2281848,90.01,90.245,88.83,
204,UAL,2019-08-01,90.49,2518736,92.03,93.04,89.73,
205,UAL,2019-07-31,91.91,2125262,93.56,93.82,91.48,
206,UAL,2019-07-30,93.93,1717369,92.83,93.97,92.48,
207,UAL,2019-07-29,93.44,1957136,93.44,94.05,93.13,
208,UAL,2019-07-26,93.36,1684835,94.02,94.44,93.23,
209,UAL,2019-07-25,93.93,3196204,94.19,95.11,92.96,
210,UAL,2019-07-24,95.11,2344366,94.91,95.455,94.24,
211,UAL,2019-07-23,94.93,2105228,94.14,94.98,93.75,
212,UAL,2019-07-22,93.83,2305149,94.07,95.06,93.77,
213,UAL,2019-07-19,93.83,3361100,95.38,96.03,93.54,
214,UAL,2019-07-18,95.28,3300545,94.32,95.48,93.88,
215,UAL,2019-07-17,94.78,6019468,94.03,95.246,92.34,
216,UAL,2019-07-16,93.92,4706092,91.81,94.4999,91.8,
217,UAL,2019-07-15,91.32,2388252,91.6,92.43,91.15,
218,UAL,2019-07-12,91.23,2895023,89.7,91.52,89.625,
219,UAL,2019-07-11,89.48,2262280,89.51,90.6,89.0,
220,UAL,2019-07-10,89.51,2395319,90.31,91.07,88.92,
221,UAL,2019-07-09,89.46,3912846,90.38,90.93,89.21,
222,UAL,2019-07-08,90.67,2514955,90.16,91.48,90.1,
223,UAL,2019-07-05,90.59,3227673,90.39,90.95,89.07,
224,UAL,2019-07-03,90.67,1647124,89.14,91.08,89.14,
225,UAL,2019-07-02,88.87,2237183,89.21,90.0,87.95,
226,UAL,2019-07-01,88.45,4017249,88.84,89.72,87.77,
227,UAL,2019-06-28,87.55,3025379,86.66,87.74,86.66,
228,UAL,2019-06-27,86.43,1394847,85.65,86.86,85.13,
229,UAL,2019-06-26,85.33,2034693,85.38,85.81,84.75,
230,UAL,2019-06-25,85.06,2481284,86.63,87.23,84.81,
231,UAL,2019-06-24,86.55,1507828,86.78,87.11,86.055,
232,UAL,2019-06-21,86.72,2461939,86.31,88.16,86.31,
233,UAL,2019-06-20,87.14,3261860,89.32,89.41,85.89,
234,UAL,2019-06-19,88.66,2091617,87.76,88.88,87.14,
235,UAL,2019-06-18,87.4,1694109,87.42,88.66,87.105,
236,UAL,2019-06-17,86.77,1820598,87.27,87.56,86.31,
237,UAL,2019-06-14,87.12,1652511,87.07,87.91,86.01,
238,UAL,2019-06-13,87.11,3864970,84.05,87.74,84.05,
239,UAL,2019-06-12,83.79,1999992,82.86,84.29,82.84,
240,UAL,2019-06-11,82.77,1894357,83.34,83.78,82.07,
241,UAL,2019-06-10,82.67,1697764,83.62,84.5397,82.57,
242,UAL,2019-06-07,83.27,1475833,83.09,84.85,83.09,
243,UAL,2019-06-06,82.96,2390326,83.14,84.01,81.9297,
244,UAL,2019-06-05,81.85,2002536,80.94,81.98,80.49,
245,UAL,2019-06-04,80.52,3026503,78.86,80.67,78.55,
246,UAL,2019-06-03,77.72,2065458,77.38,78.73,77.35,
247,UAL,2019-05-31,77.65,3554131,78.52,79.52,77.4,
248,UAL,2019-05-30,79.47,1528867,79.29,80.4,79.04,
249,UAL,2019-05-29,79.25,3133154,79.5,79.5301,78.1,
250,UAL,2019-05-28,79.81,2242085,80.5,80.79,79.66,
251,UAL,2019-05-24,80.79,2266313,81.25,81.75,80.47,
